{
  "asset": {
    "ip": "string"
  },
  "attackerList": [
    {}
  ],
  "categories": [
    "0"
  ],
  "endTimestamp": "2017-11-12T10:54:30.512Z",
  "eventCountByCategorty": {},
  "id": 0,
  "linkedAggregatedEvents": [
    "string"
  ],
  "name": "string",
  "plugins": [
    "0"
  ],
  "risk": 0,
  "startTimestamp": "2017-11-12T10:54:30.512Z",
  "tenantId": "string",
  "threatMetadataDTO": {
    "assignInfo": {
      "assignTimestamp": "2017-11-12T10:54:30.513Z",
      "assignedUser": "string",
      "note": "string"
    },
    "stateInfo": {
      "changeStateBy": "string",
      "closingReason": "FALSE_POSITIVE",
      "note": "string",
      "state": "NEW",
      "timestamp": "2017-11-12T10:54:30.513Z"
    }
  }
}
