{
  "content": [
    {
      "id": 1,
      "name": "3.5.6.7",
      "categories": ["Fishing"],
      "risk": 2,
      "numberOfEvents" : 500,
      "plugins": [
        5
      ],
      "asset": {
        "ip": "3.5.6.7"
      },
      "eventCount" : 25,
      "tenantId": null,
      "linkedAggregatedEvents": [
        "AV-Vc-QVcXF9HyhunaZg"
      ],
      "startTimestamp": 1510040914000,
      "endTimestamp": 1510040914000,
      "threatMetadataDTO": {
        "assignInfo": {
          "assignedUser": "YWRtaW5Mb2NhbA==_SU5URVJOQUw=",
          "assignedUserPictureUrl" : null,
          "assignTimestamp": null,
          "userName" : "John",
          "note": null
        },
        "stateInfo": {
          "state": "IN_PROGRESS",
          "closingReason": null,
          "timestamp": 1510041255000,
          "changeStateBy": "YWRtaW5Mb2NhbA==_SU5URVJOQUw="
        }
      }
    },
    {
      "id": 1,
      "name": "3.5.6.7",
      "categories": [],
      "risk": 1,
      "numberOfEvents" : 500,
      "plugins": [
        5
      ],
      "asset": {
        "ip": "3.5.6.7"
      },
      "tenantId": null,
      "linkedAggregatedEvents": [
        "AV-Vc-QVcXF9HyhunaZg"
      ],
      "startTimestamp": 1510040914000,
      "endTimestamp": 1510040914000,
      "threatMetadataDTO": {
        "assignInfo": {
          "assignedUser": "YWRtaW5Mb2NhbA==_SU5URVJOQUw=",
          "assignTimestamp": null,
          "note": null
        },
        "stateInfo": {
          "assignedUser": "YWRtaW5Mb2NhbA==_SU5URVJOQUw=",
          "assignedUserPictureUrl" : null,
          "assignTimestamp": null,
          "userName" : "Alice",
          "state": "IN_PROGRESS",
          "closingReason": null,
          "timestamp": 1510041255000,
          "changeStateBy": "YWRtaW5Mb2NhbA==_SU5URVJOQUw="

        }
      }
    },
    {
      "id": 201,
      "name": "3.5.6.7",
      "categories": [],
      "risk": 3,
      "numberOfEvents" : 500,
      "plugins": [
        5
      ],
      "asset": {
        "ip": "3.5.6.7"
      },
      "tenantId": null,
      "linkedAggregatedEvents": [
        "AV-Vc-QVcXF9HyhunaZg"
      ],
      "startTimestamp": 1510040914000,
      "endTimestamp": 1510040914000,
      "threatMetadataDTO": {
        "assignInfo": {
          "assignedUser": "YWRtaW5Mb2NhbA==_SU5URVJOQUw=",
          "assignedUserPictureUrl" : null,
          "userName" : "Sergey",
          "note": null
        },
        "stateInfo": {
          "state": "IN_PROGRESS",
          "closingReason": null,
          "timestamp": 1510041255000,
          "changeStateBy": "YWRtaW5Mb2NhbA==_SU5URVJOQUw="
        }
      }
    },
    {
      "id": 21,
      "name": "3.5.6.7",
      "categories": [],
      "risk": 57,
      "numberOfEvents" : 5008,
      "plugins": [
        5
      ],
      "asset": {
        "ip": "3.5.6.7"
      },
      "tenantId": null,
      "linkedAggregatedEvents": [
        "AV-Vc-QVcXF9HyhunaZg"
      ],
      "startTimestamp": 1510040914000,
      "endTimestamp": 1510040914000,
      "threatMetadataDTO": {
        "assignInfo": {
          "assignedUser": "YWRtaW5Mb2NhbA==_SU5URVJOQUw=",
          "assignTimestamp": null,
          "note": null
        },
        "stateInfo": {
          "state": "IN_PROGRESS",
          "closingReason": null,
          "timestamp": 1510041255000,
          "changeStateBy": "YWRtaW5Mb2NhbA==_SU5URVJOQUw="
        }
      }
    },
    {
      "id": 2,
      "name": "3.5.6.7",
      "categories": [],
      "risk": 68,
      "numberOfEvents" : 5008,
      "plugins": [
        5
      ],
      "asset": {
        "ip": "3.5.6.7"
      },
      "tenantId": null,
      "linkedAggregatedEvents": [
        "AV-Vc-QVcXF9HyhunaZg"
      ],
      "startTimestamp": 1510040914000,
      "endTimestamp": 1510040914000,
      "threatMetadataDTO": {
        "assignInfo": {
          "assignedUser": "YWRtaW5Mb2NhbA==_SU5URVJOQUw=",
          "assignTimestamp": null,
          "note": null
        },
        "stateInfo": {
          "state": "IN_PROGRESS",
          "closingReason": null,
          "timestamp": 1510041255000,
          "changeStateBy": "YWRtaW5Mb2NhbA==_SU5URVJOQUw="
        }
      }
    },
    {
      "id": 799,
      "name": "3.5.6.7",
      "categories": [],
      "risk": 2,
      "numberOfEvents" : 5008,
      "plugins": [
        5
      ],
      "asset": {
        "ip": "3.5.6.7"
      },
      "tenantId": null,
      "linkedAggregatedEvents": [
        "AV-Vc-QVcXF9HyhunaZg"
      ],
      "startTimestamp": 1510040914000,
      "endTimestamp": 1510040914000,
      "threatMetadataDTO": {
        "assignInfo": {
          "assignedUser": "YWRtaW5Mb2NhbA==_SU5URVJOQUw=",
          "assignTimestamp": null,
          "note": null
        },
        "stateInfo": {
          "state": "IN_PROGRESS",
          "closingReason": null,
          "timestamp": 1510041255000,
          "changeStateBy": "YWRtaW5Mb2NhbA==_SU5URVJOQUw="
        }
      }
    },
    {
      "id": 2,
      "name": "3.5.6.7",
      "categories": [],
      "risk": 57,
      "numberOfEvents" : 5008,
      "plugins": [
        5
      ],
      "asset": {
        "ip": "3.5.6.7"
      },
      "tenantId": null,
      "linkedAggregatedEvents": [
        "AV-Vc-QVcXF9HyhunaZg"
      ],
      "startTimestamp": 1510040914000,
      "endTimestamp": 1510040914000,
      "threatMetadataDTO": {
        "assignInfo": {
          "assignedUser": "YWRtaW5Mb2NhbA==_SU5URVJOQUw=",
          "assignTimestamp": null,
          "note": null
        },
        "stateInfo": {
          "state": "IN_PROGRESS",
          "closingReason": null,
          "timestamp": 1510041255000,
          "changeStateBy": "YWRtaW5Mb2NhbA==_SU5URVJOQUw="
        }
      }
    },
    {
      "id": 2,
      "name": "3.5.6.7",
      "categories": [],
      "risk": 57,
      "numberOfEvents" : 5008,
      "plugins": [
        5
      ],
      "asset": {
        "ip": "3.5.6.7"
      },
      "tenantId": null,
      "linkedAggregatedEvents": [
        "AV-Vc-QVcXF9HyhunaZg"
      ],
      "startTimestamp": 1510040914000,
      "endTimestamp": 1510040914000,
      "threatMetadataDTO": {
        "assignInfo": {
          "assignedUser": "YWRtaW5Mb2NhbA==_SU5URVJOQUw=",
          "assignTimestamp": null,
          "note": null
        },
        "stateInfo": {
          "state": "IN_PROGRESS",
          "closingReason": null,
          "timestamp": 1510041255000,
          "changeStateBy": "YWRtaW5Mb2NhbA==_SU5URVJOQUw="
        }
      }
    },
    {
      "id": 78,
      "name": "3.5.6.7",
      "categories": [],
      "risk": 57,
      "numberOfEvents" : 5008,
      "plugins": [
        5
      ],
      "asset": {
        "ip": "3.5.6.7"
      },
      "tenantId": null,
      "linkedAggregatedEvents": [
        "AV-Vc-QVcXF9HyhunaZg"
      ],
      "startTimestamp": 1510040914000,
      "endTimestamp": 1510040914000,
      "threatMetadataDTO": {
        "assignInfo": {
          "assignedUser": "YWRtaW5Mb2NhbA==_SU5URVJOQUw=",
          "assignTimestamp": null,
          "note": null
        },
        "stateInfo": {
          "state": "IN_PROGRESS",
          "closingReason": null,
          "timestamp": 1510041255000,
          "changeStateBy": "YWRtaW5Mb2NhbA==_SU5URVJOQUw="
        }
      }
    },
    {
      "id": 256,
      "name": "3.5.6.7",
      "categories": [],
      "risk": 69,
      "numberOfEvents" : 5008,
      "plugins": [
        5
      ],
      "asset": {
        "ip": "3.5.6.7"
      },
      "tenantId": null,
      "linkedAggregatedEvents": [
        "AV-Vc-QVcXF9HyhunaZg"
      ],
      "startTimestamp": 1510040914000,
      "endTimestamp": 1510040914000,
      "threatMetadataDTO": {
        "assignInfo": {
          "assignedUser": "YWRtaW5Mb2NhbA==_SU5URVJOQUw=",
          "assignTimestamp": null,
          "note": null
        },
        "stateInfo": {
          "state": "IN_PROGRESS",
          "closingReason": null,
          "timestamp": 1510041255000,
          "changeStateBy": "YWRtaW5Mb2NhbA==_SU5URVJOQUw="
        }
      }
    },
    {
      "id": 22,
      "name": "3.5.6.7",
      "categories": [],
      "risk": 32,
      "numberOfEvents" : 5008,
      "plugins": [
        5
      ],
      "asset": {
        "ip": "3.5.6.7"
      },
      "tenantId": null,
      "linkedAggregatedEvents": [
        "AV-Vc-QVcXF9HyhunaZg"
      ],
      "startTimestamp": 1510040914000,
      "endTimestamp": 1510040914000,
      "threatMetadataDTO": {
        "assignInfo": {
          "assignedUser": "YWRtaW5Mb2NhbA==_SU5URVJOQUw=",
          "assignTimestamp": null,
          "note": null
        },
        "stateInfo": {
          "state": "IN_PROGRESS",
          "closingReason": null,
          "timestamp": 1510041255000,
          "changeStateBy": "YWRtaW5Mb2NhbA==_SU5URVJOQUw="
        }
      }
    },
    {
      "id": 22,
      "name": "3.5.6.7",
      "categories": [],
      "risk": 32,
      "numberOfEvents" : 5008,
      "plugins": [
        5
      ],
      "asset": {
        "ip": "3.5.6.7"
      },
      "tenantId": null,
      "linkedAggregatedEvents": [
        "AV-Vc-QVcXF9HyhunaZg"
      ],
      "startTimestamp": 1510040914000,
      "endTimestamp": 1510040914000,
      "threatMetadataDTO": {
        "assignInfo": {
          "assignedUser": "YWRtaW5Mb2NhbA==_SU5URVJOQUw=",
          "assignTimestamp": null,
          "note": null
        },
        "stateInfo": {
          "state": "IN_PROGRESS",
          "closingReason": null,
          "timestamp": 1510041255000,
          "changeStateBy": "YWRtaW5Mb2NhbA==_SU5URVJOQUw="
        }
      }
    },
    {
      "id": 22,
      "name": "3.5.6.7",
      "categories": [],
      "risk": 32,
      "numberOfEvents" : 5008,
      "plugins": [
        5
      ],
      "asset": {
        "ip": "3.5.6.7"
      },
      "tenantId": null,
      "linkedAggregatedEvents": [
        "AV-Vc-QVcXF9HyhunaZg"
      ],
      "startTimestamp": 1510040914000,
      "endTimestamp": 1510040914000,
      "threatMetadataDTO": {
        "assignInfo": {
          "assignedUser": "YWRtaW5Mb2NhbA==_SU5URVJOQUw=",
          "assignTimestamp": null,
          "note": null
        },
        "stateInfo": {
          "state": "IN_PROGRESS",
          "closingReason": null,
          "timestamp": 1510041255000,
          "changeStateBy": "YWRtaW5Mb2NhbA==_SU5URVJOQUw="
        }
      }
    },
    {
      "id": 22,
      "name": "3.5.6.7",
      "categories": [],
      "risk": 32,
      "numberOfEvents" : 5008,
      "plugins": [
        5
      ],
      "asset": {
        "ip": "3.5.6.7"
      },
      "tenantId": null,
      "linkedAggregatedEvents": [
        "AV-Vc-QVcXF9HyhunaZg"
      ],
      "startTimestamp": 1510040914000,
      "endTimestamp": 1510040914000,
      "threatMetadataDTO": {
        "assignInfo": {
          "assignedUser": "YWRtaW5Mb2NhbA==_SU5URVJOQUw=",
          "assignTimestamp": null,
          "note": null
        },
        "stateInfo": {
          "state": "IN_PROGRESS",
          "closingReason": null,
          "timestamp": 1510041255000,
          "changeStateBy": "YWRtaW5Mb2NhbA==_SU5URVJOQUw="
        }
      }
    },
    {
      "id": 22,
      "name": "3.5.6.7",
      "categories": [],
      "risk": 32,
      "numberOfEvents" : 5008,
      "plugins": [
        5
      ],
      "asset": {
        "ip": "3.5.6.7"
      },
      "tenantId": null,
      "linkedAggregatedEvents": [
        "AV-Vc-QVcXF9HyhunaZg"
      ],
      "startTimestamp": 1510040914000,
      "endTimestamp": 1510040914000,
      "threatMetadataDTO": {
        "assignInfo": {
          "assignedUser": "YWRtaW5Mb2NhbA==_SU5URVJOQUw=",
          "assignTimestamp": null,
          "note": null
        },
        "stateInfo": {
          "state": "IN_PROGRESS",
          "closingReason": null,
          "timestamp": 1510041255000,
          "changeStateBy": "YWRtaW5Mb2NhbA==_SU5URVJOQUw="
        }
      }
    },
    {
      "id": 22,
      "name": "3.5.6.7",
      "categories": [],
      "risk": 32,
      "numberOfEvents" : 5008,
      "plugins": [
        5
      ],
      "asset": {
        "ip": "3.5.6.7"
      },
      "tenantId": null,
      "linkedAggregatedEvents": [
        "AV-Vc-QVcXF9HyhunaZg"
      ],
      "startTimestamp": 1510040914000,
      "endTimestamp": 1510040914000,
      "threatMetadataDTO": {
        "assignInfo": {
          "assignedUser": "YWRtaW5Mb2NhbA==_SU5URVJOQUw=",
          "assignTimestamp": null,
          "note": null
        },
        "stateInfo": {
          "state": "IN_PROGRESS",
          "closingReason": null,
          "timestamp": 1510041255000,
          "changeStateBy": "YWRtaW5Mb2NhbA==_SU5URVJOQUw="
        }
      }
    },
    {
      "id": 22,
      "name": "3.5.6.7",
      "categories": [],
      "risk": 32,
      "numberOfEvents" : 5008,
      "plugins": [
        5
      ],
      "asset": {
        "ip": "3.5.6.7"
      },
      "tenantId": null,
      "linkedAggregatedEvents": [
        "AV-Vc-QVcXF9HyhunaZg"
      ],
      "startTimestamp": 1510040914000,
      "endTimestamp": 1510040914000,
      "threatMetadataDTO": {
        "assignInfo": {
          "assignedUser": "YWRtaW5Mb2NhbA==_SU5URVJOQUw=",
          "assignTimestamp": null,
          "note": null
        },
        "stateInfo": {
          "state": "IN_PROGRESS",
          "closingReason": null,
          "timestamp": 1510041255000,
          "changeStateBy": "YWRtaW5Mb2NhbA==_SU5URVJOQUw="
        }
      }
    },
    {
      "id": 22,
      "name": "3.5.6.7",
      "categories": [],
      "risk": 32,
      "numberOfEvents" : 5008,
      "plugins": [
        5
      ],
      "asset": {
        "ip": "3.5.6.7"
      },
      "tenantId": null,
      "linkedAggregatedEvents": [
        "AV-Vc-QVcXF9HyhunaZg"
      ],
      "startTimestamp": 1510040914000,
      "endTimestamp": 1510040914000,
      "threatMetadataDTO": {
        "assignInfo": {
          "assignedUser": "YWRtaW5Mb2NhbA==_SU5URVJOQUw=",
          "assignTimestamp": null,
          "note": null
        },
        "stateInfo": {
          "state": "IN_PROGRESS",
          "closingReason": null,
          "timestamp": 1510041255000,
          "changeStateBy": "YWRtaW5Mb2NhbA==_SU5URVJOQUw="
        }
      }
    }
  ],
  "last": true,
  "totalElements":10,
  "totalPages": 1,
  "sort": null,
  "first": true,
  "numberOfElements": 1,
  "size": 1,
  "number": 0
}
