{
  "content": [
    {
      "name": "License Expiration",
      "oid": 0,
      "ownerId": 0,
      "severity": 2,
      "sharedGroup": [
        {
          "emailAddress": "string",
          "name": "string",
          "oid": 0,
          "phoneNumber": "string"
        }
      ],
      "sharingType": [
        "0"
      ],
      "systemComponent": "LICENSE"
    }
  ],
  "first": true,
  "last": true,
  "number": 0,
  "numberOfElements": 0,
  "size": 0,
  "sort": {},
  "totalElements": 0,
  "totalPages": 0
}