{
  "content":[
    {
      "oid":221,
      "type":"System",
      "name":"Plugin create",
      "description":"Name: 111.\nPlugin: DDoS Protection\n1.2.3.4",
      "severity":4,
      "status":0,
      "date":1485260458345,
      "causedBy":{
        "oid":"4",
        "source":"System"
      }
    },
    {
      "oid":222,
      "type":"Security",
      "name":"Plugin create",
      "description":"Name: 2.3.4.5.\nPlugin: CheckPoint\n2.3.4.5",
      "severity":4,
      "status":0,
      "date":1485260506561,
      "causedBy":{
        "oid":"5",
        "source":"Security"
      }
    },
    {
      "oid":223,
      "type":"Security",
      "name":"Plugin create",
      "description":"Name: 2.3.4.5.\nPlugin: CheckPoint\n2.3.4.5",
      "severity":4,
      "status":0,
      "date":1485260506561,
      "causedBy":{
        "oid":"5",
        "source":"Security"
      }
    },
    {
      "oid":224,
      "type":"Security",
      "name":"Plugin create",
      "description":"Name: 2.3.4.5.\nPlugin: CheckPoint\n2.3.4.5",
      "severity":4,
      "status":0,
      "date":1485260506561,
      "causedBy":{
        "oid":"5",
        "source":"Security"
      }
    },
    {
      "oid":225,
      "type":"Security",
      "name":"Plugin create",
      "description":"Name: 2.3.4.5.\nPlugin: CheckPoint\n2.3.4.5",
      "severity":4,
      "status":0,
      "date":1485260506561,
      "causedBy":{
        "oid":"5",
        "source":"Security"
      }
    },
    {
      "oid":226,
      "type":"Security",
      "name":"Plugin create",
      "description":"Name: 2.3.4.5.\nPlugin: CheckPoint\n2.3.4.5",
      "severity":4,
      "status":0,
      "date":1485260506561,
      "causedBy":{
        "oid":"5",
        "source":"Security"
      }
    },
    {
      "oid":227,
      "type":"Security",
      "name":"Plugin create",
      "description":"Name: 2.3.4.5.\nPlugin: CheckPoint\n2.3.4.5",
      "severity":4,
      "status":0,
      "date":1485260506561,
      "causedBy":{
        "oid":"5",
        "source":"Security"
      }
    },
    {
      "oid":228,
      "type":"Security",
      "name":"Plugin create",
      "description":"Name: 2.3.4.5.\nPlugin: CheckPoint\n2.3.4.5",
      "severity":4,
      "status":0,
      "date":1485260506561,
      "causedBy":{
        "oid":"5",
        "source":"Security"
      }
    },
    {
      "oid":229,
      "type":"Security",
      "name":"Plugin create",
      "description":"Name: 2.3.4.5.\nPlugin: CheckPoint\n2.3.4.5",
      "severity":4,
      "status":0,
      "date":1485260506561,
      "causedBy":{
        "oid":"5",
        "source":"Security"
      }
    },
    {
      "oid":230,
      "type":"Security",
      "name":"Plugin create",
      "description":"Name: 2.3.4.5.\nPlugin: CheckPoint\n2.3.4.5",
      "severity":4,
      "status":0,
      "date":1485260506561,
      "causedBy":{
        "oid":"5",
        "source":"Security"
      }
    }
  ],
  "totalPages":1,
  "totalElements":11,
  "last":true,
  "size":100,
  "number":0,
  "sort":null,
  "first":true,
  "numberOfElements":2
}