[
   {
      "oid":16,
      "name":"Plugin has been deleted: DDoS Plugin",
      "sourceSystemType":"DDOS_PROTECTION",
      "severity":"HIGH",
      "timestamp":1439384704140,
      "description":"Plugin has been deleted: DDoS Plugin"
   },
   {
      "oid":15,
      "name":"Plugin has been edited: DDoS Plugin",
      "sourceSystemType":"DDOS_PROTECTION",
      "severity":"MEDIUM",
      "timestamp":1439384698629,
      "description":"Plugin has been edited: DDoS Plugin"
   },
   {
      "oid":14,
      "name":"New plugin has been added: DDoS",
      "sourceSystemType":"DDOS_PROTECTION",
      "severity":"LOW",
      "timestamp":1439384688597,
      "description":"New plugin has been added: DDoS"
   }
]
