{
  "content": [
    {
      "oid": 1,
      "name": "Critical Report PDF",
      "elementName": "Element name",
      "type": 2,
      "severity": 2,
      "sourceSystems": [
        5
      ],
      "widgetType": 4,
      "fromTimestamp": 1422955759068,
      "toTimestamp": 1422955759068,
      "timeRange": 2,
      "recurrence": {
        "startDate": 1422955753000,
        "lastDate": 1422955756010,
        "nextDate": 1422955753040,
        "endDate": 1422955759068,
        "numOfOccurrences": 10,
        "recurrenceType": 0,
        "interval": 1,
        "recurrenceTime": 1422955759068,
        "dayOfTheMonth": null,
        "daysOfTheWeek": [
          3,
          5
        ],
        "scheduleGeneratedString": "every week on 20:00"
      },
      "fileFormat": 0,
      "sharedGroup": [
        {
          "oid": 6,
          "emailAddress": "demo1@lightsecv.com",
          "name": "demo1",
          "phoneNumber": 1422955762006
        }
      ],
      "sharingType": [
        "SMS",
        "MAIL"
      ]
    },
    {
      "oid": 1,
      "name": "High Report CSV",
      "elementName": "Element name",
      "type": 1,
      "severity": 3,
      "sourceSystems": [
        3
      ],
      "widgetType": 4,
      "fromTimestamp": 1422955759068,
      "toTimestamp": 1422955759068,
      "timeRange": 4,
      "recurrence": {
        "startDate": 1422955753000,
        "lastDate": 1422955756010,
        "nextDate": 1422955753040,
        "endDate": 1422955759068,
        "numOfOccurrences": 10,
        "recurrenceType": 0,
        "interval": 1,
        "recurrenceTime": 1422955759068,
        "dayOfTheMonth": null,
        "daysOfTheWeek": [
          1,
          3,
          5
        ],
        "scheduleGeneratedString": "every week on 20:00"
      },
      "fileFormat": 1,
      "sharedGroup": [
        {
          "oid": 4,
          "emailAddress": "email2@lightsecv.com",
          "name": "demo2",
          "phoneNumber": 142295576
        },
        {
          "oid": 9,
          "emailAddress": "email3@lightsecv.com",
          "name": "demo3",
          "phoneNumber": 1422956546
        },
        {
          "oid": 12,
          "emailAddress": "email4@lightsecv.com",
          "name": "demo4",
          "phoneNumber": 1422956546
        }
      ],
      "sharingType": [
        "SMS",
        "MAIL"
      ]
    }]
  ,
  "first": true,
  "last": true,
  "number": 0,
  "numberOfElements": 2,
  "size": 0,
  "sort": {},
  "totalElements": 2,
  "totalPages": 1
}
