{
  "oid": 1,
  "name": "Report name",
  "elementName": "127.0.0.12",
  "type": 1,
  "severity": 3,
  "sourceSystems": [
    3
  ],
  "widgetType": 4,
  "fromTimestamp": 1422955759068,
  "toTimestamp": 1422955759068,
  "timeRange": 1,
  "recurrence": {
      "daysOfMonth": [1],
      "daysOfWeek": [1],
      "enabled": false, 
      "months": null,
      "years": null,
      "lastDate": null,
      "endDateType": 0,
      "startTime": "13:07",
      "fullStartTime": "2016-09-08T10:07:19.808Z",
      "misfireHandling": 0,
      "numOfOccurrences": 0,
      "recurrenceType": 2,
      "startDate": 1422955753000
  },
  "sharedGroup": [
      {
        "oid": 4,
        "emailAddress": "email2@lightsecv.com",
        "name": "demo2",
        "phoneNumber": 142295576
      },
      {
        "oid": 9,
        "emailAddress": "email3@lightsecv.com",
        "name": "demo3",
        "phoneNumber": 1422956546
      },
      {
        "oid": 12,
        "emailAddress": "email4@lightsecv.com",
        "name": "demo4",
        "phoneNumber": 1422956546
      }
    ],
  "sharingType": [
    "SMS",
    "MAIL"
  ]
}
