{
  "threatsResponses": [
    {
      "name": "1.2.3.4",
      "sourceSystems": [
        5
      ],
      "eventsSla": [],
      "secondLevel": [
        {
          "hash": "fa6aacb5adda692847e2844fceb518298dd28bee",
          "count": 1,
          "startTimestamp": 1489562698744,
          "endTimestamp": 1489562698744
        }
      ],
      "aggregatedBy": [],
      "linkedEvents": [
        "AVrQ2wRrqcWeQqr89FbB"
      ],
      "is_open": true,
      "type": 2,
      "severity": 4,
      "host": "1.2.3.4",
      "tenantId": "root",
      "startTimestamp": 1489562698744,
      "endTimestamp": 1489562698744,
      "trend": 2,
      "aggSeveritySummary": {
        "criticalCount": 0,
        "highCount": 0,
        "mediumCount": 1,
        "lowCount": 0
      },
      "id": "AVrQ2w1YqcWeQqr89FbC",
      "totalCount": 0,
      "sendAlert": false
    },
    {
      "name": "1.2.3.4",
      "sourceSystems": [
        5
      ],
      "eventsSla": [],
      "secondLevel": [
        {
          "hash": "a7561b849ed7380627187aa7e68b10f23e5a39ef",
          "count": 1,
          "startTimestamp": 1489562643052,
          "endTimestamp": 1489562643052
        }
      ],
      "aggregatedBy": [],
      "linkedEvents": [
        "AVrQ2i-6qcWeQqr89FZr"
      ],
      "is_open": true,
      "type": 3,
      "severity": 2,
      "host": "1.2.3.4",
      "tenantId": "root",
      "startTimestamp": 1489562643052,
      "endTimestamp": 1489562643052,
      "trend": 24,
      "aggSeveritySummary": {
        "criticalCount": 1,
        "highCount": 0,
        "mediumCount": 0,
        "lowCount": 0
      },
      "id": "AVrQ2kohqcWeQqr89FZ0",
      "totalCount": 0,
      "sendAlert": false
    },
    {
      "name": "1.2.3.4",
      "sourceSystems": [
        5
      ],
      "eventsSla": [],
      "secondLevel": [
        {
          "hash": "bfef60d1d9b45c0cd420796aea7e1972933c27a4",
          "count": 1,
          "startTimestamp": 1489483569533,
          "endTimestamp": 1489483569533
        },
        {
          "hash": "cdd7cbb338644dbc5f73eeeb481c1e07722ef86c",
          "count": 1,
          "startTimestamp": 1489483729047,
          "endTimestamp": 1489483729047
        },
        {
          "hash": "0321523d99a9439f1eced34a1ab597889bc28ca1",
          "count": 1,
          "startTimestamp": 1489483838554,
          "endTimestamp": 1489483838554
        },
        {
          "hash": "26901cb361fe860feda6fd2c5f78be0e64934d96",
          "count": 1,
          "startTimestamp": 1489483838578,
          "endTimestamp": 1489483838578
        },
        {
          "hash": "9b431e28d5f31b14c004ea68e038b77316122a6d",
          "count": 1,
          "startTimestamp": 1489483838590,
          "endTimestamp": 1489483838590
        },
        {
          "hash": "12392414c6722fdbd624a78e73f9c364a95f3188",
          "count": 1,
          "startTimestamp": 1489483838613,
          "endTimestamp": 1489483838613
        },
        {
          "hash": "bd81941886411b2ae1b9a101ea05f8c3a91bed55",
          "count": 1,
          "startTimestamp": 1489483838568,
          "endTimestamp": 1489483838568
        },
        {
          "hash": "f9805e10552e57d4e66fa3439717ae471846b424",
          "count": 1,
          "startTimestamp": 1489483838558,
          "endTimestamp": 1489483838558
        },
        {
          "hash": "6d9e3ab26bd4286bd9d462909dd6ab6a15c5f624",
          "count": 1,
          "startTimestamp": 1489483838604,
          "endTimestamp": 1489483838604
        },
        {
          "hash": "b04803e609e4b2f3be154c22503b840184714562",
          "count": 1,
          "startTimestamp": 1489483838616,
          "endTimestamp": 1489483838616
        },
        {
          "hash": "62d32d3d16107237950b34c29e9a1b5d6e5863a6",
          "count": 1,
          "startTimestamp": 1489483838584,
          "endTimestamp": 1489483838584
        },
        {
          "hash": "4878a1ec9701926ba8fc7635f2aec8b62354550f",
          "count": 1,
          "startTimestamp": 1489483838598,
          "endTimestamp": 1489483838598
        }
      ],
      "aggregatedBy": [],
      "linkedEvents": [
        "AVrMI5v2qcWeQqr88vpz",
        "AVrMJgjRqcWeQqr88vtG",
        "AVrMJ7SoqcWeQqr88vvF",
        "AVrMJ7VbqcWeQqr88vvG",
        "AVrMJ7WSqcWeQqr88vvJ",
        "AVrMJ7WSqcWeQqr88vvN",
        "AVrMJ7WSqcWeQqr88vvH",
        "AVrMJ7WSqcWeQqr88vvI",
        "AVrMJ7WSqcWeQqr88vvM",
        "AVrMJ7WSqcWeQqr88vvO",
        "AVrMJ7WSqcWeQqr88vvK",
        "AVrMJ7WSqcWeQqr88vvL"
      ],
      "is_open": true,
      "type": 2,
      "severity": 2,
      "host": "1.2.3.4",
      "tenantId": "root",
      "startTimestamp": 1489483569533,
      "endTimestamp": 1489483838616,
      "trend": 47,
      "aggSeveritySummary": {
        "criticalCount": 1,
        "highCount": 11,
        "mediumCount": 0,
        "lowCount": 0
      },
      "id": "AVrMI7whqcWeQqr88vp1",
      "totalCount": 0,
      "sendAlert": false
    },
    {
      "name": "1.2.3.4",
      "sourceSystems": [
        5
      ],
      "eventsSla": [],
      "secondLevel": [
        {
          "hash": "d1dd0745f445db0274463b300c5ef096cebbb426",
          "count": 1,
          "startTimestamp": 1489483621535,
          "endTimestamp": 1489483621535
        },
        {
          "hash": "4a76e7e6a6f20ed66059639cc3b983f755750f86",
          "count": 1,
          "startTimestamp": 1489483681040,
          "endTimestamp": 1489483681040
        }
      ],
      "aggregatedBy": [],
      "linkedEvents": [
        "AVrMJGTyqcWeQqr88vq0",
        "AVrMJU1XqcWeQqr88vsE"
      ],
      "is_open": true,
      "type": 3,
      "severity": 2,
      "host": "1.2.3.4",
      "tenantId": "root",
      "startTimestamp": 1489483621535,
      "endTimestamp": 1489483681040,
      "trend": 25,
      "aggSeveritySummary": {
        "criticalCount": 1,
        "highCount": 0,
        "mediumCount": 0,
        "lowCount": 1
      },
      "id": "AVrMJI7WqcWeQqr88vrF",
      "totalCount": 0,
      "sendAlert": false
    }
  ],
  "totalCount": 4
}