
{
  "name": "110.224.12.48",
  "sourceSystems": [
    5
  ],
  "events": [
    {
      "date": "23Apr2015",
      "snid": "67485",
      "src_user_name": "10.10.10.10",
      "description": "Check Point Online Web Service failure. See sk74040 for more information.",
      "type": "2",
      "source_ip": "10.10.10.10",
      "src_machine_name": "10.10.10.10's PC",
      "hour": "10:10:10",
      "source_port": "52852",
      "host": "147.234.132.189",
      "action": "prevent",
      "timestamp": "2017-02-22T17:00:37.314Z",
      "severity": "5",
      "log_id": "13",
      "target_geo": "{}",
      "source_geo": "{}",
      "session_id": "{0x0,0x0,0x0,0x5}",
      "aba_customer": "Default",
      "plugin": "5",
      "service": "26180",
      "target_ip": "10.10.10.10",
      "proto": "3",
      "name": "New Anti Virus: 10.10.10.10",
      "user": "user1"
    },
    {
      "date": "23Apr2015",
      "snid": "19613",
      "src_user_name": "10.10.10.10",
      "description": "Check Point Online Web Service failure. See sk74040 for more information.",
      "type": "2",
      "source_ip": "10.10.10.10",
      "src_machine_name": "10.10.10.10's PC",
      "hour": "10:10:10",
      "source_port": "35475",
      "host": "147.234.132.189",
      "action": "monitor",
      "timestamp": "2017-02-22T17:00:37.311Z",
      "severity": "5",
      "log_id": "13",
      "target_geo": "{}",
      "source_geo": "{}",
      "session_id": "{0x0,0x0,0x0,0x8}",
      "aba_customer": "Default",
      "plugin": "5",
      "service": "24464",
      "target_ip": "10.10.10.10",
      "proto": "9",
      "name": "New Anti Virus: 10.10.10.10",
      "user": "user5"
    },
    {
      "date": "23Apr2015",
      "snid": "47059",
      "src_user_name": "10.10.10.10",
      "description": "Check Point Online Web Service failure. See sk74040 for more information.",
      "type": "2",
      "source_ip": "10.10.10.10",
      "src_machine_name": "10.10.10.10's PC",
      "hour": "10:10:10",
      "source_port": "247",
      "host": "147.234.132.189",
      "action": "prevent",
      "timestamp": "2017-02-22T17:00:36.795Z",
      "severity": "5",
      "log_id": "19",
      "target_geo": "{}",
      "source_geo": "{}",
      "session_id": "{0x0,0x0,0x0,0x9}",
      "aba_customer": "Default",
      "plugin": "5",
      "service": "54123",
      "target_ip": "10.10.10.10",
      "proto": "6",
      "name": "New Anti Virus: 10.10.10.10",
      "user": "user4"
    },
    {
      "date": "23Apr2015",
      "snid": "39722",
      "src_user_name": "10.10.10.20",
      "description": "Check Point Online Web Service failure. See sk74040 for more information.",
      "type": "2",
      "source_ip": "10.10.10.10",
      "src_machine_name": "10.10.10.10's PC",
      "hour": "10:10:10",
      "source_port": "24020",
      "host": "147.234.132.189",
      "action": "monitor",
      "timestamp": "2017-02-22T17:00:36.276Z",
      "severity": "5",
      "log_id": "15",
      "target_geo": "{}",
      "source_geo": "{}",
      "session_id": "{0x0,0x0,0x0,0x1}",
      "aba_customer": "Default",
      "plugin": "5",
      "service": "8386",
      "target_ip": "10.10.10.10",
      "proto": "3",
      "name": "New Anti Virus: 10.10.10.10",
      "user": "user2"
    },
    {
      "date": "23Apr2015",
      "snid": "62510",
      "src_user_name": "80.10.10.10",
      "description": "Check Point Online Web Service failure. See sk74040 for more information.",
      "type": "2",
      "source_ip": "10.10.10.10",
      "src_machine_name": "10.10.10.10's PC",
      "hour": "10:10:10",
      "source_port": "17751",
      "host": "147.234.132.189",
      "action": "monitor",
      "timestamp": "2017-02-22T17:00:38.419Z",
      "severity": "5",
      "log_id": "4",
      "target_geo": "{}",
      "source_geo": "{}",
      "session_id": "{0x0,0x0,0x0,0x2}",
      "aba_customer": "Default",
      "plugin": "5",
      "service": "28325",
      "target_ip": "10.10.10.10",
      "proto": "8",
      "name": "New Anti Virus: 10.10.10.10",
      "user": "user1"
    },
    {
      "date": "23Apr2015",
      "snid": "53418",
      "src_user_name": "10.10.10.10",
      "description": "Check Point Online Web Service failure. See sk74040 for more information.",
      "type": "2",
      "source_ip": "10.10.10.10",
      "src_machine_name": "10.10.10.10's PC",
      "hour": "10:10:10",
      "source_port": "10553",
      "host": "147.234.132.189",
      "action": "monitor",
      "timestamp": "2017-02-22T17:00:37.867Z",
      "severity": "5",
      "log_id": "4",
      "target_geo": "{}",
      "source_geo": "{}",
      "session_id": "{0x0,0x0,0x0,0x5}",
      "aba_customer": "Default",
      "plugin": "5",
      "service": "44250",
      "target_ip": "10.10.10.10",
      "proto": "6",
      "name": "New Anti Virus: 10.10.10.10",
      "user": "user3"
    },
    {
      "date": "23Apr2015",
      "snid": "61266",
      "src_user_name": "10.10.10.10",
      "description": "Check Point Online Web Service failure. See sk74040 for more information.",
      "type": "2",
      "source_ip": "10.10.10.10",
      "src_machine_name": "10.10.10.10's PC",
      "hour": "10:10:10",
      "source_port": "4571",
      "host": "147.234.132.189",
      "action": "monitor",
      "timestamp": "2017-02-22T17:00:37.940Z",
      "severity": "5",
      "log_id": "6",
      "target_geo": "{}",
      "source_geo": "{}",
      "session_id": "{0x0,0x0,0x0,0x2}",
      "aba_customer": "Default",
      "plugin": "5",
      "service": "617",
      "target_ip": "10.10.10.10",
      "proto": "9",
      "name": "New Anti Virus: 10.10.10.10",
      "user": "user2"
    },
    {
      "date": "23Apr2015",
      "snid": "23372",
      "src_user_name": "10.10.10.10",
      "description": "Check Point Online Web Service failure. See sk74040 for more information.",
      "type": "2",
      "source_ip": "10.10.10.10",
      "src_machine_name": "10.10.10.10's PC",
      "hour": "10:10:10",
      "source_port": "5244",
      "host": "147.234.132.189",
      "action": "monitor",
      "timestamp": "2017-02-22T17:00:37.303Z",
      "severity": "5",
      "log_id": "11",
      "target_geo": "{}",
      "source_geo": "{}",
      "session_id": "{0x0,0x0,0x0,0x8}",
      "aba_customer": "Default",
      "plugin": "5",
      "service": "32246",
      "target_ip": "10.10.10.10",
      "proto": "5",
      "name": "New Anti Virus: 10.10.10.10",
      "user": "user1"
    },
    {
      "date": "23Apr2015",
      "snid": "17104",
      "src_user_name": "10.10.10.10",
      "description": "Check Point Online Web Service failure. See sk74040 for more information.",
      "type": "2",
      "source_ip": "10.10.10.10",
      "src_machine_name": "10.10.10.10's PC",
      "hour": "10:10:10",
      "source_port": "45773",
      "host": "147.234.132.189",
      "action": "prevent",
      "timestamp": "2017-02-22T17:00:36.288Z",
      "severity": "5",
      "log_id": "8",
      "target_geo": "{}",
      "source_geo": "{}",
      "session_id": "{0x0,0x0,0x0,0x6}",
      "aba_customer": "Default",
      "plugin": "5",
      "service": "60120",
      "target_ip": "10.10.10.10",
      "proto": "0",
      "name": "New Anti Virus: 10.10.10.10",
      "user": "user1"
    },
    {
      "date": "23Apr2015",
      "snid": "74502",
      "src_user_name": "10.10.10.10",
      "description": "Check Point Online Web Service failure. See sk74040 for more information.",
      "type": "2",
      "source_ip": "10.10.10.10",
      "src_machine_name": "10.10.10.10's PC",
      "hour": "10:10:10",
      "source_port": "62301",
      "host": "147.234.132.189",
      "action": "prevent",
      "timestamp": "2017-02-22T17:00:35.248Z",
      "severity": "5",
      "log_id": "11",
      "target_geo": "{}",
      "source_geo": "{}",
      "session_id": "{0x0,0x0,0x0,0x2}",
      "aba_customer": "Default",
      "plugin": "5",
      "service": "39830",
      "target_ip": "10.10.10.10",
      "proto": "0",
      "name": "New Anti Virus: 10.10.10.10",
      "user": "user1"
    },
    {
      "date": "23Apr2015",
      "snid": "37938",
      "src_user_name": "10.10.10.10",
      "description": "Check Point Online Web Service failure. See sk74040 for more information.",
      "type": "2",
      "source_ip": "10.10.10.10",
      "src_machine_name": "10.10.10.10's PC",
      "hour": "10:10:10",
      "source_port": "18749",
      "host": "147.234.132.189",
      "action": "monitor",
      "timestamp": "2017-02-22T17:00:35.764Z",
      "severity": "5",
      "log_id": "2",
      "target_geo": "{}",
      "source_geo": "{}",
      "session_id": "{0x0,0x0,0x0,0x2}",
      "aba_customer": "Default",
      "plugin": "5",
      "service": "65265",
      "target_ip": "10.10.10.10",
      "proto": "2",
      "name": "New Anti Virus: 10.10.10.10",
      "user": "user1"
    },
    {
      "date": "23Apr2015",
      "snid": "95634",
      "src_user_name": "10.10.10.10",
      "description": "Check Point Online Web Service failure. See sk74040 for more information.",
      "type": "2",
      "source_ip": "10.10.10.10",
      "src_machine_name": "10.10.10.10's PC",
      "hour": "10:10:10",
      "source_port": "25148",
      "host": "147.234.132.189",
      "action": "monitor",
      "timestamp": "2017-02-22T17:00:35.251Z",
      "severity": "5",
      "log_id": "11",
      "target_geo": "{}",
      "source_geo": "{}",
      "session_id": "{0x0,0x0,0x0,0x9}",
      "aba_customer": "Default",
      "plugin": "5",
      "service": "18509",
      "target_ip": "10.10.10.10",
      "proto": "6",
      "name": "New Anti Virus: 10.10.10.10",
      "user": "user1"
    },
    {
      "date": "23Apr2015",
      "snid": "51004",
      "src_user_name": "10.10.10.10",
      "description": "Check Point Online Web Service failure. See sk74040 for more information.",
      "type": "2",
      "source_ip": "10.10.10.10",
      "src_machine_name": "10.10.10.10's PC",
      "hour": "10:10:10",
      "source_port": "16346",
      "host": "147.234.132.189",
      "action": "prevent",
      "timestamp": "2017-02-22T17:00:38.423Z",
      "severity": "5",
      "log_id": "19",
      "target_geo": "{}",
      "source_geo": "{}",
      "session_id": "{0x0,0x0,0x0,0x8}",
      "aba_customer": "Default",
      "plugin": "5",
      "service": "51854",
      "target_ip": "10.10.10.10",
      "proto": "9",
      "name": "New Anti Virus: 10.10.10.10",
      "user": "user3"
    },
    {
      "date": "23Apr2015",
      "snid": "57838",
      "src_user_name": "10.10.10.10",
      "description": "Check Point Online Web Service failure. See sk74040 for more information.",
      "type": "2",
      "source_ip": "10.10.10.10",
      "src_machine_name": "10.10.10.10's PC",
      "hour": "10:10:10",
      "source_port": "53448",
      "host": "147.234.132.189",
      "action": "prevent",
      "timestamp": "2017-02-22T17:00:37.902Z",
      "severity": "5",
      "log_id": "7",
      "target_geo": "{}",
      "source_geo": "{}",
      "session_id": "{0x0,0x0,0x0,0x8}",
      "aba_customer": "Default",
      "plugin": "5",
      "service": "64523",
      "target_ip": "10.10.10.10",
      "proto": "7",
      "name": "New Anti Virus: 10.10.10.10",
      "user": "user5"
    },
    {
      "date": "23Apr2015",
      "snid": "35509",
      "src_user_name": "10.10.10.10",
      "description": "Check Point Online Web Service failure. See sk74040 for more information.",
      "type": "2",
      "source_ip": "10.10.10.10",
      "src_machine_name": "10.10.10.10's PC",
      "hour": "10:10:10",
      "source_port": "50552",
      "host": "147.234.132.189",
      "action": "prevent",
      "timestamp": "2017-02-22T17:00:37.299Z",
      "severity": "5",
      "log_id": "14",
      "target_geo": "{}",
      "source_geo": "{}",
      "session_id": "{0x0,0x0,0x0,0x0}",
      "aba_customer": "Default",
      "plugin": "5",
      "service": "18089",
      "target_ip": "10.10.10.10",
      "proto": "1",
      "name": "New Anti Virus: 10.10.10.10",
      "user": "user3"
    },
    {
      "date": "23Apr2015",
      "snid": "16718",
      "src_user_name": "10.10.10.10",
      "description": "Check Point Online Web Service failure. See sk74040 for more information.",
      "type": "2",
      "source_ip": "10.10.10.10",
      "src_machine_name": "10.10.10.10's PC",
      "hour": "10:10:10",
      "source_port": "6236",
      "host": "147.234.132.189",
      "action": "prevent",
      "timestamp": "2017-02-22T17:00:36.791Z",
      "severity": "5",
      "log_id": "18",
      "target_geo": "{}",
      "source_geo": "{}",
      "session_id": "{0x0,0x0,0x0,0x4}",
      "aba_customer": "Default",
      "plugin": "5",
      "service": "25145",
      "target_ip": "10.10.10.10",
      "proto": "5",
      "name": "New Anti Virus: 10.10.10.10",
      "user": "user3"
    },
    {
      "date": "23Apr2015",
      "snid": "57088",
      "src_user_name": "10.10.10.10",
      "description": "Check Point Online Web Service failure. See sk74040 for more information.",
      "type": "2",
      "source_ip": "10.10.10.10",
      "src_machine_name": "10.10.10.10's PC",
      "hour": "10:10:10",
      "source_port": "1636",
      "host": "147.234.132.189",
      "action": "monitor",
      "timestamp": "2017-02-22T17:00:36.280Z",
      "severity": "5",
      "log_id": "9",
      "target_geo": "{}",
      "source_geo": "{}",
      "session_id": "{0x0,0x0,0x0,0x6}",
      "aba_customer": "Default",
      "plugin": "5",
      "service": "7399",
      "target_ip": "10.10.10.10",
      "proto": "3",
      "name": "New Anti Virus: 10.10.10.10",
      "user": "user3"
    },
    {
      "date": "23Apr2015",
      "snid": "94905",
      "src_user_name": "10.10.10.10",
      "description": "Check Point Online Web Service failure. See sk74040 for more information.",
      "type": "2",
      "source_ip": "10.10.10.10",
      "src_machine_name": "10.10.10.10's PC",
      "hour": "10:10:10",
      "source_port": "40359",
      "host": "147.234.132.189",
      "action": "prevent",
      "timestamp": "2017-02-22T17:00:35.772Z",
      "severity": "5",
      "log_id": "5",
      "target_geo": "{}",
      "source_geo": "{}",
      "session_id": "{0x0,0x0,0x0,0x8}",
      "aba_customer": "Default",
      "plugin": "5",
      "service": "57038",
      "target_ip": "10.10.10.10",
      "proto": "8",
      "name": "New Anti Virus: 10.10.10.10",
      "user": "user2"
    },
    {
      "date": "23Apr2015",
      "snid": "83207",
      "src_user_name": "10.10.10.10",
      "description": "Check Point Online Web Service failure. See sk74040 for more information.",
      "type": "2",
      "source_ip": "10.10.10.10",
      "src_machine_name": "10.10.10.10's PC",
      "hour": "10:10:10",
      "source_port": "35640",
      "host": "147.234.132.189",
      "action": "monitor",
      "timestamp": "2017-02-22T17:00:35.768Z",
      "severity": "5",
      "log_id": "14",
      "target_geo": "{}",
      "source_geo": "{}",
      "session_id": "{0x0,0x0,0x0,0x8}",
      "aba_customer": "Default",
      "plugin": "5",
      "service": "23395",
      "target_ip": "10.10.10.10",
      "proto": "8",
      "name": "New Anti Virus: 10.10.10.10",
      "user": "user4"
    },
    {
      "date": "23Apr2015",
      "snid": "82512",
      "src_user_name": "10.10.10.10",
      "description": "Check Point Online Web Service failure. See sk74040 for more information.",
      "type": "2",
      "source_ip": "10.10.10.10",
      "src_machine_name": "10.10.10.10's PC",
      "hour": "10:10:10",
      "source_port": "45230",
      "host": "147.234.132.189",
      "action": "monitor",
      "timestamp": "2017-02-22T17:00:35.260Z",
      "severity": "5",
      "log_id": "13",
      "target_geo": "{}",
      "source_geo": "{}",
      "session_id": "{0x0,0x0,0x0,0x6}",
      "aba_customer": "Default",
      "plugin": "5",
      "service": "63117",
      "target_ip": "10.10.10.10",
      "proto": "3",
      "name": "New Anti Virus: 10.10.10.10",
      "user": "user5"
    },
    {
      "date": "23Apr2015",
      "snid": "23261",
      "src_user_name": "10.10.10.10",
      "description": "Check Point Online Web Service failure. See sk74040 for more information.",
      "type": "2",
      "source_ip": "10.10.10.10",
      "src_machine_name": "10.10.10.10's PC",
      "hour": "10:10:10",
      "source_port": "63884",
      "host": "147.234.132.189",
      "action": "prevent",
      "timestamp": "2017-02-22T17:00:03.741Z",
      "severity": "5",
      "log_id": "10",
      "target_geo": "{}",
      "source_geo": "{}",
      "session_id": "{0x0,0x0,0x0,0x2}",
      "aba_customer": "Default",
      "plugin": "5",
      "service": "28113",
      "target_ip": "10.10.10.10",
      "proto": "7",
      "name": "New Anti Virus: 10.10.10.10",
      "user": "user1"
    },
    {
      "date": "23Apr2015",
      "snid": "83963",
      "src_user_name": "10.10.10.10",
      "description": "Check Point Online Web Service failure. See sk74040 for more information.",
      "type": "2",
      "source_ip": "10.10.10.10",
      "src_machine_name": "10.10.10.10's PC",
      "hour": "10:10:10",
      "source_port": "24204",
      "host": "147.234.132.189",
      "action": "monitor",
      "timestamp": "2017-02-22T16:59:54.570Z",
      "severity": "5",
      "log_id": "14",
      "target_geo": "{}",
      "source_geo": "{}",
      "session_id": "{0x0,0x0,0x0,0x0}",
      "aba_customer": "Default",
      "plugin": "5",
      "service": "21204",
      "target_ip": "10.10.10.10",
      "proto": "3",
      "name": "New Anti Virus: 10.10.10.10",
      "user": "user2"
    }
  ],
  "eventsSla": [
    {
      "snid": "82512",
      "sourceSystem": "logs",
      "src_user_name": "10.10.10.10",
      "description": "Check Point Online Web Service failure. See sk74040 for more information.",
      "type": "2",
      "source_ip": "10.10.10.10",
      "src_machine_name": "10.10.10.10's PC",
      "source_port": "45230",
      "host": "147.234.132.189",
      "action": "monitor",
      "severity": "5",
      "log_id": "13",
      "target_geo": "{}",
      "source_geo": "{}",
      "end_time": "1487782838419",
      "count": "12",
      "session_id": "{0x0,0x0,0x0,0x6}",
      "aba_customer": "Default",
      "start_time": "1487782794570",
      "plugin": "5",
      "service": "63117",
      "target_ip": "10.10.10.10",
      "proto": "3",
      "name": "New Anti Virus: 10.10.10.10",
      "user": "user5"
    },
    {
      "snid": "74502",
      "sourceSystem": "logs",
      "src_user_name": "10.10.10.10",
      "description": "Check Point Online Web Service failure. See sk74040 for more information.",
      "type": "2",
      "source_ip": "10.10.10.10",
      "src_machine_name": "10.10.10.10's PC",
      "source_port": "62301",
      "host": "147.234.132.189",
      "action": "prevent",
      "severity": "5",
      "log_id": "11",
      "target_geo": "{}",
      "source_geo": "{}",
      "end_time": "1487782838423",
      "count": "10",
      "session_id": "{0x0,0x0,0x0,0x2}",
      "aba_customer": "Default",
      "start_time": "1487782803741",
      "plugin": "5",
      "service": "39830",
      "target_ip": "10.10.10.10",
      "proto": "0",
      "name": "New Anti Virus: 10.10.10.10",
      "user": "user1"
    }
  ],
  "secondLevel": [
    {
      "hash": "989d644f4c86c4aba45b0f3c89de4b5cfcf94c34",
      "count": 12,
      "startTimestamp": 1487782794570,
      "endTimestamp": 1487782838419
    },
    {
      "hash": "a7652bfffcfc0ac9158bf429161ec62fe64d96f4",
      "count": 10,
      "startTimestamp": 1487782803741,
      "endTimestamp": 1487782838423
    }
  ],
  "aggregatedBy": [
    "Type",
    "HostName"
  ],
  "linkedEvents": [
    "AVpmxATfaKropVECJgfr",
    "AVpmxASvaKropVECJgfq",
    "AVpmxHUgaKropVECJggV",
    "AVpmxHauaKropVECJggX",
    "AVpmxHauaKropVECJggY",
    "AVpmxHofaKropVECJggb",
    "AVpmxHpxaKropVECJggd",
    "AVpmxHyYaKropVECJggi",
    "AVpmxH-BaKropVECJggk",
    "AVpmxIDVaKropVECJggn",
    "AVpmxHUgaKropVECJggW",
    "AVpmxHauaKropVECJggZ",
    "AVpmxHTBaKropVECJggU",
    "AVpmxHo4aKropVECJggc",
    "AVpmxHx1aKropVECJggf",
    "AVpmxH-BaKropVECJggl",
    "AVpmxH9vaKropVECJggj",
    "AVpmxIDVaKropVECJggm",
    "AVpmxHoeaKropVECJgga",
    "AVpmxHpxaKropVECJgge",
    "AVpmxHyQaKropVECJggg",
    "AVpmxHyQaKropVECJggh"
  ],
  "is_open": true,
  "type": 2,
  "severity": 5,
  "host": "10.10.10.10",
  "tenantId": "root",
  "startTimestamp": 1487782794570,
  "endTimestamp": 1487782838423,
  "trend": 8,
  "aggSeveritySummary": {
    "criticalCount": 0,
    "highCount": 0,
    "mediumCount": 0,
    "lowCount": 22
  },
  "id": "AVpmxB83aKropVECJgfv",
  "totalCount": 2,
  "sendAlert": false
}