[

  {
    "oid": 4,
    "name": "IST 2015",
    "sourceSystems": [
      {
        "oid": 1,
        "name": "SourceSystem:Front-End perimeter",
        "equipments": [
          {
            "oid": 1,
            "sourceIP": "127.0.0.1",
            "hostName": null,
            "name": "SecApplication:null@127.0.0.1"
          },
          {
            "oid": 2,
            "sourceIP": "192.168.0.1",
            "hostName": null,
            "name": "SecApplication:null@192.168.0.1"
          }
        ],
        "type": "FRONT_END_PERIMETER"
      }
    ],
    "type": "NETWORK",
    "severity": "CRITICAL",
    "lastTimestamp": 1422955756000,
    "additionalInfo": "Some Text Message",
    "trend": 59
  }
]
