[
  {
    "oid": 1,
    "name": "SourceSystem:Front-End perimeter",
    "equipments": [
      {
        "oid": 1,
        "sourceIP": "127.0.0.1",
        "hostName": "xxx",
        "name": "SecApplication:xxx@127.0.0.1"
      }
    ],
    "type": "NET_ANOMALY_DETECT",
    "state": "UP"
  },
  {
    "oid": 1,
    "name": "SourceSystem:Front-End perimeter",
    "equipments": [
      {
        "oid": 1,
        "sourceIP": "127.0.0.1",
        "hostName": "xxx",
        "name": "SecApplication:xxx@127.0.0.1"
      }
    ],
    "type": "FRONT_END_PERIMETER",
    "state": "DOWN"
  },
  {
    "oid": 1,
    "name": "SourceSystem:Front-End perimeter",
    "equipments": [
      {
        "oid": 1,
        "sourceIP": "127.0.0.1",
        "hostName": "xxx",
        "name": "SecApplication:xxx@127.0.0.1"
      }
    ],
    "type": "DDOS_PROTECTION",
    "state": "UP"
  },
  {
    "oid": 1,
    "name": "SourceSystem:Front-End perimeter",
    "equipments": [
      {
        "oid": 1,
        "sourceIP": "127.0.0.1",
        "hostName": "xxx",
        "name": "SecApplication:xxx@127.0.0.1"
      }
    ],
    "type": "BIG_DATA_CYBER_ANALITYCS",
    "state": "NOT_REACHABLE"
  }
]
