{
  "content": [
    {
      "id": 1,
      "name": "40.146.34.49",
      "categories": [1,2,3],
      "risk": 24,
      "plugins": [
        5
      ],
      "assets": [
        {
          "ip": "40.146.34.49"
        }
      ],
      "tenantId": "1",
      "linkedAggregatedEvents": [
        "AWACaArIUB__6uknfkHm"
      ],
      "startTimestamp": "2017-11-28T11:34:17.000+0000",
      "endTimestamp": "2017-11-28T11:34:17.000+0000",
      "threatMetadataDTO": {
        "assignInfo": {
          "assignedUser": {
            "userId": "YWRtaW5Mb2NhbA==_SU5URVJOQUw=",
            "userName": "adminLocal",
            "userImageUrl": null
          },
          "assignTimestamp": "2017-11-28T13:00:55.000+0000",
          "note": null
        },
        "stateInfo": {
          "state": "IN_PROGRESS",
          "closingReason": null,
          "timestamp": "2017-11-28T13:00:55.000+0000",
          "changeStateBy": {
            "userId": "YWRtaW5Mb2NhbA==_SU5URVJOQUw=",
            "userName": "adminLocal",
            "userImageUrl": null
          },
          "note": null
        }
      },
      "totalEventCount": 0
    },
    {
      "id": 2,
      "name": "157.17.230.149",
      "categories": [2,3],
      "risk": 24,
      "plugins": [
        5
      ],
      "assets": [
        {
          "ip": "157.17.230.149"
        }
      ],
      "tenantId": "2",
      "linkedAggregatedEvents": [
        "AWACaArIUB__6uknfkHo"
      ],
      "startTimestamp": "2017-11-28T11:34:17.000+0000",
      "endTimestamp": "2017-11-28T11:34:17.000+0000",
      "threatMetadataDTO": {
        "assignInfo": null,
        "stateInfo": {
          "state": "NEW",
          "closingReason": "NONE",
          "timestamp": "2017-11-28T11:34:21.000+0000",
          "changeStateBy": {
            "userId": "COMPASS",
            "userName": null,
            "userImageUrl": null
          },
          "note": null
        }
      },
      "totalEventCount": 0
    },
    {
      "id": 3,
      "name": "141.156.229.55",
      "categories": [3,4,5],
      "risk": 24,
      "plugins": [
        5
      ],
      "assets": [
        {
          "ip": "141.156.229.55"
        }
      ],
      "tenantId": "3",
      "linkedAggregatedEvents": [
        "AWACaArIUB__6uknfkHt"
      ],
      "startTimestamp": "2017-11-28T11:34:17.000+0000",
      "endTimestamp": "2017-11-28T11:34:17.000+0000",
      "threatMetadataDTO": {
        "assignInfo": null,
        "stateInfo": {
          "state": "NEW",
          "closingReason": "NONE",
          "timestamp": "2017-11-28T11:34:21.000+0000",
          "changeStateBy": {
            "userId": "COMPASS",
            "userName": null,
            "userImageUrl": null
          },
          "note": null
        }
      },
      "totalEventCount": 0
    },
    {
      "id": 4,
      "name": "117.96.153.108",
      "categories": [3,4,6],
      "risk": 24,
      "plugins": [
        5
      ],
      "assets": [
        {
          "ip": "117.96.153.108"
        }
      ],
      "tenantId": "4",
      "linkedAggregatedEvents": [
        "AWACaArIUB__6uknfkHy"
      ],
      "startTimestamp": "2017-11-28T11:34:16.000+0000",
      "endTimestamp": "2017-11-28T11:34:16.000+0000",
      "threatMetadataDTO": {
        "assignInfo": null,
        "stateInfo": {
          "state": "NEW",
          "closingReason": "NONE",
          "timestamp": "2017-11-28T11:34:21.000+0000",
          "changeStateBy": {
            "userId": "COMPASS",
            "userName": null,
            "userImageUrl": null
          },
          "note": null
        }
      },
      "totalEventCount": 0
    },
    {
      "id": 5,
      "name": "57.240.59.190",
      "categories": [1,3,6],
      "risk": 24,
      "plugins": [
        5
      ],
      "assets": [
        {
          "ip": "57.240.59.190"
        }
      ],
      "tenantId": "5",
      "linkedAggregatedEvents": [
        "AWACaArIUB__6uknfkH3"
      ],
      "startTimestamp": "2017-11-28T11:34:16.000+0000",
      "endTimestamp": "2017-11-28T11:34:16.000+0000",
      "threatMetadataDTO": {
        "assignInfo": null,
        "stateInfo": {
          "state": "NEW",
          "closingReason": "NONE",
          "timestamp": "2017-11-28T11:34:21.000+0000",
          "changeStateBy": {
            "userId": "COMPASS",
            "userName": null,
            "userImageUrl": null
          },
          "note": null
        }
      },
      "totalEventCount": 0
    }
  ],
  "totalElements": 42,
  "last": false,
  "totalPages": 9,
  "sort": null,
  "numberOfElements": 5,
  "first": true,
  "size": 5,
  "number": 0
}
