{
  "/compass/security/auth/login": "/security",
  "/compass/security/auth/logout": "/security",
  "/compass/security/auth/isAuthenticated": "/isAuthenticated",
  "/compass/security/usermanagement/identifications" : "/identifications",
  "/compass/settings/management/mode": "/authenticationMode",
  "/compass/analyzer/widget/supportedWidgets": "/dashboard-dashboardWidgetList",
  "/compass/analyzer/widget/securityHealth": "/dashboard-secHealth",
  "/compass/analyzer/widget/threatsBySeverity": "/dashboard-threatsSummary",
  "/compass/analyzer/widget/topThreats?*": "/dashboard-aggregatedEvents",
  "/compass/analyzer/widget/topThreats": "/dashboard-aggregatedEvents",
  "/compass/analyzer/widget/trendingThreats?*": "/dashboard-aggregatedEvents",
  "/compass/analyzer/widget/trendingThreats": "/dashboard-aggregatedEvents",
  "/compass/analyzer/widget/infectedObjects*": "/dashboard-detectedElements",
  "/compass/analyzer/aggregation?*": "/dashboard-aggregatedEventItem",
  "/compass/root/plugins?*": "/plugins-plugins",
  "/compass/root/plugins/details": "/plugins-plugin.details",
  "/compass/root/plugins/verify": "/plugins-plugins.verify",
  "/compass/reports/report?*": "/reports-reports",
  "/compass/reports/report/*": "/reports-report",
  "/compass/reports/report/generateInstantly": "/reports-generateResponse",
  "/compass/reports/report/regenerate": "/reports-generateResponse",
  "/compass/core/notifier/secNotifications/{}": "/notifications-secNotifications",
  "/compass/core/notifier/secNotifications/delete": "/notifications-secNotifications",
  "/compass/core/notifier/secNotifications?*": "/notifications-secNotifications",
  "/compass/core/notifier/secNotifications/count": "/notifications-sysNotificationsCount",
  "/compass/core/notifier/sysNotifications/{}": "/notifications-sysNotifications",
  "/compass/core/notifier/sysNotifications/delete": "/notifications-sysNotifications",
  "/compass/core/notifier/sysNotifications/count": "/notifications-sysNotificationsCount",
  "/compass/core/notifier/sysNotifications/systemComponents": "/notifications-systemComponents",
  "/compass/core/notifier/sysNotifications?*": "/notifications-sysNotifications",
  "/compass/core/activityLog/getAll?*": "/activityLogs",
  "/compass/alerts/summary?*": "/alerts-alertsSummary",
  "/compass/alerts?*": "/alerts-alerts",
  "/compass/alerts/update": "/alerts-alertUpdate",
  "/compass/alerts/getAll?*": "/alerts-alerts",
  "/compass/root/tenants?*": "/tenants-management-tenants",
  "/compass/core/subscribedUsers": "/subscribedUsers",
  "/compass/core/users/preferences": "/preferences",
  "/compass/events/elementNames": "/dashboard-getElementNames",
  "/compass/analyzer/aggregation/getElementsNames": "/dashboard-getElementNames",
  "/compass/analyzer/aggregation/getDestination": "/dashboard-getDestination",
  "/compass/settings/general/services": "/settings-settings.services",
  "/compass/settings/connectivity/log": "/settings-connectivity.log",
  "/compass/configuration/connectivity/ldap": "/settings-settings.ldap",
  "/compass/configuration/connectivity/sms": "/settings-settings.sms",
  "/compass/configuration/connectivity/mail": "/settings-settings.mail",
  "/compass/security/rolegroup/map": "/settings-settings.rolegroup.map",
  "/compass/security/rolegroup/group": "/settings-settings.groups",
  "/compass/settings/general/generalSettings": "/general-settings",
  "/compass/settings/system/buildId": "/buildId",
  "/compass/settings/license/expiration": "/licenseExpiration",
  "/compass/settings/license/mode": "/applicationMode",
  "/compass/analyzer/*": "/dashboard-aggregationFilter",
  "/compass/security/users": "/settings-internalUsers-users",
  "/compass/security/users?*": "/settings-internalUsers-users",
  "/compass/threats/:id/notes" : "/threats-threatNotes",


  "/compass/threats/threats/:id/notes" : "/threats-threatNotes",
  "/compass/threats/:id/assign" : "/threats-assign",
  "/compass/threats/:id/addNotes" : "/threats-threatNotes",
  "/compass/threats/threats/categories": "/threats-categories",
  "/compass/threats/threats": "/threats-threatsList",
  "/compass/threats/threats/:id": "/threats-threatDetails",
  "/compass/threats/threats/:id/events": "/threats-threatAggregatedEvents",
  "/compass/threats/widgets/eventsBySeverity?*": "/threats-eventBySeverity",
  "/compass/threats/widgets/threatsByCategory?*": "/threats-threatsByCategory",
  "/compass/threats/widgets/vulnerability?*": "/threats-vulnerability",
  "/compass/threats/widgets/attackers?*": "/threats-attackers",
  "/compass/events/:id": "/events-eventsDetails",
  "/compass/events*": "/events-eventsList",
  "compass/events/:id/assign" : "/events-assign",
  "compass/events/:id/close" : "/events-assign",
  "/compass/netviz/bandwidth/trafficTrend*": "/networkVisibility-trafficTrendIngress",
  "/compass/netviz/hosts/hostActivity": "/networkVisibility-topHostsChange",
  "/compass/netviz/protocol/usage": "/networkVisibility-protocolsActivity",
  "/compass/threats/widgets/topThreats?*": "/dashboard-topOpenThreats",
  "/compass/threats/widgets/assets?*": "/dashboard-assets",
  "/compass/styles": "/styles",
  "/compass/root/management/edit?*" : "/settings-internalUsers-users",
  "/compass/root/management/add" : "/settings-internalUsers-users",
  "/compass/root/management/delete" : "/settings-internalUsers-users"

}
