{
  "content": [
    {
      "id": 2,
      "userName": "adminLocal",
      "password": null,
      "fullName": "Local Admin",
      "email": "adminLocal@root.com",
      "phoneNumber": "1800-70777777",
      "userRoles": [
        "ROOT_ADMIN",
        "ROLE_TENANT_ADMIN"
      ],
      "active": true
    },
    {
      "id": 3,
      "userName": "user",
      "password": null,
      "fullName": "first last",
      "email": "user@domain.com",
      "phoneNumber": "1800-70777777",
      "userRoles": [
        "ROOT_ADMIN",
        "ROLE_TENANT_ADMIN"
      ],
      "active": false
    }
  ],
  "totalElements": 1,
  "totalPages": 1,
  "last": true,
  "size": 20,
  "number": 0,
  "sort": null,
  "first": true,
  "numberOfElements": 1
}
