{
  "message": null,
  "httpStatus": "OK",
  "importDate": 1480603212218,
  "expiration": {
    "message": null,
    "httpStatus": "OK",
    "expirationDate": 1609372800000,
    "remainingDays": 9,
    "unlimitedExpiration": false,
    "licenseEnable": true
  },
  "plugins": {
    "message": null,
    "httpStatus": "OK",
    "numOfPlugins": 80,
    "maxAllowed": 1000,
    "remainingAllowed": 920,
    "allowedUnlimited": false,
    "licenseEnable": true,
    "pluginTypes": [
      {
        "enable": true,
        "pluginType": 3,
        "id": 3,
        "numOfPlugins": 0,
        "maxAllowed": 1000,
        "remainingAllowed": 1000,
        "expirationDate": 1609372800000,
        "remainingDays": 1491,
        "allowedUnlimited": false,
        "pluginTypeExpire": true
      },
      {
        "enable": true,
        "pluginType": 5,
        "id": 5,
        "numOfPlugins": 1,
        "maxAllowed": 1000,
        "remainingAllowed": 999,
        "expirationDate": 1609372800000,
        "remainingDays": 1491,
        "allowedUnlimited": false,
        "pluginTypeExpire": true
      },
      {
        "enable": true,
        "pluginType": 8,
        "id": 8,
        "numOfPlugins": 0,
        "maxAllowed": 1000,
        "remainingAllowed": 1000,
        "expirationDate": 1609372800000,
        "remainingDays": 1491,
        "allowedUnlimited": false,
        "pluginTypeExpire": true
      }
    ]
  },
  "users": {
    "message": null,
    "httpStatus": "OK",
    "numOfUsers": 400,
    "maxAllowed": 1000,
    "remainingAllowed": 600,
    "allowedUnlimited": false,
    "licenseEnable": true
  },
  "tenants": {
    "message": null,
    "httpStatus": "OK",
    "numOfTenants": 1,
    "maxAllowed": 2,
    "remainingAllowed": 1,
    "allowedUnlimited": false,
    "licenseEnable": true
  },
  "licenseEnable": true
}
