{
  "ldapServerName": null,
  "username": null,
  "password": null,
  "port": 389,
  "domainPrefix": null,
  "ldapSuffix": null,
  "ldapProtocol": 0,
  "principalOU": null,
  "principalDNPrefix": "cn",
  "principalObjectClass": null,
  "principalUniqueAttr": "sAMAccountName",
  "principalCNAttr": null,
  "principalPhoneAttr": "mobile",
  "principalEmailAttr": "mail",
  "principalFirstNameAttr": "givenName",
  "principalLastNameAttr": "sn",
  "principalMemberOfGroupsAttr": "memberOf",
  "groupOU": null,
  "groupDNPrefix": "cn",
  "groupObjectClass": "group",
  "securityAuthentication": 1,
  "securityProtocol": null,
  "referral": "follow",
  "batchSize": 50,
  "authoritative": true,
  "ldapVersion": "3"
}