{
  "label": "Type: group",
  "groups": [ "Admins", "Employees", "Group One" ],
  "nodes": [
    {
      "label": "Type: group",
      "groups": [ "Admins", "Employees", "Group One" ],
      "nodes": [
        {
          "label": "Type: group",
          "groups": [ "Admins", "Employees", "Group One" ]
        },
        {
          "label": "Type: group",
          "groups": [ "Admins", "Employees", "Group One" ]
        }
      ]
    },
    {
      "label": "IT",
      "groups": [ "Admins", "Employees", "Group One" ],
      "nodes": [
        {
          "label": "CISO",
          "groups": [ "Admins", "Employees", "Group One" ]
        }
      ]
    },
    {
      "label": "HELP_DESK",
      "groups": [ "Admins", "Employees", "Group One" ]
    }
  ]
}
