{
  "sizeUnit": "Byte",
  "hostsActivity": [
    {
      "host": "172.31.120.30",
      "oldAvg": 328.0,
      "newAvg": 0.0,
      "percentChange": -100.0
    },
    {
      "host": "10.4.120.30",
      "oldAvg": 24.0,
      "newAvg": 0.0,
      "percentChange": -100.0
    },
    {
      "host": "88.221.120.30",
      "oldAvg": 8.0,
      "newAvg": 0.0,
      "percentChange": -100.0
    },
    {
      "host": "84.39.120.30",
      "oldAvg": 32.0,
      "newAvg": 0.0,
      "percentChange": -100.0
    },
    {
      "host": "82.166.120.30",
      "oldAvg": 8.0,
      "newAvg": 0.0,
      "percentChange": -100.0
    },
    {
      "host": "10.0.120.30",
      "oldAvg": 24.0,
      "newAvg": 0.0,
      "percentChange": -100.0
    },
    {
      "host": "10.8.120.30",
      "oldAvg": 201616.0,
      "newAvg": 0.0,
      "percentChange": -100.0
    },
    {
      "host": "84.39.152.31",
      "oldAvg": 215817.38,
      "newAvg": 0.0,
      "percentChange": -100.0
    },
    {
      "host": "194.29.132.149",
      "oldAvg": 109.0,
      "newAvg": 0.0,
      "percentChange": -100.0
    },
    {
      "host": "82.166.201.208",
      "oldAvg": 279.75,
      "newAvg": 0.0,
      "percentChange": -100.0
    },
    {
      "host": "23.44.120.30",
      "oldAvg": 8.0,
      "newAvg": 0.0,
      "percentChange": -100.0
    },
    {
      "host": "88.221.158.170",
      "oldAvg": 1223786.0,
      "newAvg": 0.0,
      "percentChange": -100.0
    },
    {
      "host": "23.44.245.163",
      "oldAvg": 770.0,
      "newAvg": 0.0,
      "percentChange": -100.0
    },
    {
      "host": "82.102.180.179",
      "oldAvg": 186.5,
      "newAvg": 0.0,
      "percentChange": -100.0
    },
    {
      "host": "194.29.39.19",
      "oldAvg": 15031.38,
      "newAvg": 0.0,
      "percentChange": -100.0
    },
    {
      "host": "209.87.209.87",
      "oldAvg": 130623.88,
      "newAvg": 0.0,
      "percentChange": -100.0
    },
    {
      "host": "147.234.132.80",
      "oldAvg": 556075.38,
      "newAvg": 0.0,
      "percentChange": -100.0
    },
    {
      "host": "209.87.120.30",
      "oldAvg": 32.0,
      "newAvg": 0.0,
      "percentChange": -100.0
    },
    {
      "host": "216.163.188.45",
      "oldAvg": 35362.38,
      "newAvg": 0.0,
      "percentChange": -100.0
    },
    {
      "host": "194.29.39.10",
      "oldAvg": 23305.75,
      "newAvg": 0.0,
      "percentChange": -100.0
    },
    {
      "host": "147.234.120.31",
      "oldAvg": 878.0,
      "newAvg": 0.0,
      "percentChange": -100.0
    },
    {
      "host": "82.102.120.30",
      "oldAvg": 8.0,
      "newAvg": 0.0,
      "percentChange": -100.0
    },
    {
      "host": "147.234.120.30",
      "oldAvg": 7008.0,
      "newAvg": 0.0,
      "percentChange": -100.0
    },
    {
      "host": "147.234.244.5",
      "oldAvg": 15.25,
      "newAvg": 0.0,
      "percentChange": -100.0
    },
    {
      "host": "147.234.132.149",
      "oldAvg": 120558.12,
      "newAvg": 0.0,
      "percentChange": -100.0
    },
    {
      "host": "147.234.244.4",
      "oldAvg": 365558.5,
      "newAvg": 0.0,
      "percentChange": -100.0
    },
    {
      "host": "209.87.211.157",
      "oldAvg": 3560.25,
      "newAvg": 0.0,
      "percentChange": -100.0
    },
    {
      "host": "82.166.201.176",
      "oldAvg": 373.0,
      "newAvg": 0.0,
      "percentChange": -100.0
    },
    {
      "host": "194.29.120.30",
      "oldAvg": 16.0,
      "newAvg": 0.0,
      "percentChange": -100.0
    },
    {
      "host": "212.143.162.147",
      "oldAvg": 232.38,
      "newAvg": 0.0,
      "percentChange": -100.0
    },
    {
      "host": "212.143.162.200",
      "oldAvg": 331428.12,
      "newAvg": 0.0,
      "percentChange": -100.0
    },
    {
      "host": "212.199.202.24",
      "oldAvg": 186.5,
      "newAvg": 0.0,
      "percentChange": -100.0
    }
  ]
}
