{
  "unit": "Byte",
  "trafficPerInterval": [
    {
      "dateTime": 1513029600000,
      "dateAsString": "2017-12-11T22:00:00.000Z",
      "value": 0.0
    },
    {
      "dateTime": 1513116000000,
      "dateAsString": "2017-12-12T22:00:00.000Z",
      "value": 0.0
    },
    {
      "dateTime": 1513202400000,
      "dateAsString": "2017-12-13T22:00:00.000Z",
      "value": 0.0
    },
    {
      "dateTime": 1513288800000,
      "dateAsString": "2017-12-14T22:00:00.000Z",
      "value": 0.0
    },
    {
      "dateTime": 1513375200000,
      "dateAsString": "2017-12-15T22:00:00.000Z",
      "value": 0.0
    },
    {
      "dateTime": 1513461600000,
      "dateAsString": "2017-12-16T22:00:00.000Z",
      "value": 0.0
    },
    {
      "dateTime": 1513548000000,
      "dateAsString": "2017-12-17T22:00:00.000Z",
      "value": 6020748.0
    },
    {
      "dateTime": 1513634400000,
      "dateAsString": "2017-12-18T22:00:00.000Z",
      "value": 1.8229312E7
    }
  ]
}
