{
  "content": [
    {
      "oid": 1,
      "tenantName": "ROOT",
      "tenantDomain": "domain.com",
      "description": null,
      "network": null,
      "email": null,
      "phone": null,
      "state": "ACTIVE",
      "mainMessageFailure": null,
      "rollbackMessageFailure": null
    },
    {
      "oid": 2,
      "tenantName": "ROOT2",
      "tenantDomain": "domain2.com",
      "description": null,
      "network": null,
      "email": null,
      "phone": null,
      "state": "ACTIVE",
      "mainMessageFailure": null,
      "rollbackMessageFailure": null
    },
    {
      "oid": 3,
      "tenantName": "ROOT3",
      "tenantDomain": "domain3.com",
      "description": null,
      "network": null,
      "email": null,
      "phone": null,
      "state": "ACTIVE",
      "mainMessageFailure": null,
      "rollbackMessageFailure": null
    },
    {
      "oid": 4,
      "tenantName": "ROOT4",
      "tenantDomain": "domain4.com",
      "description": null,
      "network": null,
      "email": null,
      "phone": null,
      "state": "ACTIVE",
      "mainMessageFailure": null,
      "rollbackMessageFailure": null
    },
    {
      "oid": 5,
      "tenantName": "ROOT5",
      "tenantDomain": "domain5.com",
      "description": null,
      "network": null,
      "email": null,
      "phone": null,
      "state": "ACTIVE",
      "mainMessageFailure": null,
      "rollbackMessageFailure": null
    },
    {
      "oid": 6,
      "tenantName": "ROOT6",
      "tenantDomain": "domain6.com",
      "description": null,
      "network": null,
      "email": null,
      "phone": null,
      "state": "ACTIVE",
      "mainMessageFailure": null,
      "rollbackMessageFailure": null
    },
    {
      "oid": 7,
      "tenantName": "ROOT7",
      "tenantDomain": "domain7.com",
      "description": null,
      "network": null,
      "email": null,
      "phone": null,
      "state": "ACTIVE",
      "mainMessageFailure": null,
      "rollbackMessageFailure": null
    },
    {
      "oid": 8,
      "tenantName": "ROOT8",
      "tenantDomain": "domain8.com",
      "description": null,
      "network": null,
      "email": null,
      "phone": null,
      "state": "ACTIVE",
      "mainMessageFailure": null,
      "rollbackMessageFailure": null
    },
    {
      "oid": 9,
      "tenantName": "ROOT9",
      "tenantDomain": "domain9.com",
      "description": null,
      "network": null,
      "email": null,
      "phone": null,
      "state": "ACTIVE",
      "mainMessageFailure": null,
      "rollbackMessageFailure": null
    },
    {
      "oid": 10,
      "tenantName": "ROOT10",
      "tenantDomain": "domain10.com",
      "description": null,
      "network": null,
      "email": null,
      "phone": null,
      "state": "ACTIVE",
      "mainMessageFailure": null,
      "rollbackMessageFailure": null
    },
    {
      "oid": 11,
      "tenantName": "ROOT11",
      "tenantDomain": "domain11.com",
      "description": null,
      "network": null,
      "email": null,
      "phone": null,
      "state": "ACTIVE",
      "mainMessageFailure": null,
      "rollbackMessageFailure": null
    }
  ],
  "totalElements": 11,
  "last": true,
  "totalPages": 2,
  "size": 10,
  "number": 0,
  "first": true,
  "sort": null,
  "numberOfElements": 11
}