{
  "content": [
    {
    "message": null,
    "httpStatus": null,
    "id": "AVkXwj59HVWoTdC_iEQl",
    "operationName": "create",
    "requestId": "0D2E30D32DC4A43EA7F700123E51F4D1",
    "serviceName": "core : Plugin",
    "sourceIp": "172.18.0.7",
    "targetIp": "172.18.0.16",
    "user": "adminLocal",
    "tenant": "local",
    "execptionMsg": null,
    "startTime": 1482162316209,
    "endTime": 1482162322364,
    "totalTime": 6155,
    "status": "SUCCESS"
  },
    {
      "message": null,
      "httpStatus": null,
      "id": "AVkXw2HWHVWoTdC_iEbP",
      "operationName": "create",
      "requestId": "32394BF30172057E463259540C231630",
      "serviceName": "core : Plugin",
      "sourceIp": "172.18.0.7",
      "targetIp": "172.18.0.16",
      "user": "adminLocal",
      "tenant": "local",
      "execptionMsg": null,
      "startTime": 1482162397044,
      "endTime": 1482162397651,
      "totalTime": 607,
      "status": "FAILED"
    }],
  "totalElements": 2,
  "last": true,
  "totalPages": 1,
  "size": 20,
  "number": 0,
  "sort": null,
  "first": true,
  "numberOfElements": 2
}