[
  {
    "oid": 1,
    "name": " WS-FIN-1111",
    "owner": {
      "oid": 1,
      "sourceIP": "127.0.0.1",
      "hostName": "xxx",
      "name": "SecApplication:xxx@127.0.0.1"
    },
    "type": "NETWORK",
    "severity": "MEDIUM",
    "timestamp": 1422955756000,
    "description": "network flood IPv4 TCP-SYN-ACK, Status: ongoing",
    "parentAggEventId": 1,
    "sourceSystemType": "DDOS_PROTECTION",
    "workstation": "",
    "ports": [
      408,
      9043,
      21
    ],
    "protocol": "IP",
    "moreInfo": null,
    "shortDescription": "connected to server...",
    "additionalInfo":[
            {
                "attacker": "76.190.206.23"
            },
            {
                "packetCount": "1"
            },
            {
                "attackStatus": "ongoing"
            },
            {
                "policyName": "DMZ-Policy"
            },
            {
                "context": "Regular"
            },
            {
                "attackName": "network flood IPv4 TCP-SYN-ACK"
            },
            {
                "category": "Anti-Scanning"
            },
            {
                "level": "DEBUG"
            }
    ]
  },
  {
    "oid": 2,
    "name": " WS-FIN-1111",
    "owner": {
      "oid": 2,
      "sourceIP": "127.0.0.1",
      "hostName": "xxx",
      "name": "SecApplication:xxx@127.0.0.1"
    },
    "type": "NETWORK",
    "severity": "MEDIUM",
    "timestamp": 1422955756000,
    "description": "network flood IPv4 TCP-SYN-ACK, Status: ongoing",
    "parentAggEventId": 1,
    "sourceSystemType": "DDOS_PROTECTION",
    "workstation": "",
    "ports": [
      408,
      9043,
      21
    ],
    "protocol": "IP",
    "moreInfo": null,
    "shortDescription": "connected to server...",
    "additionalInfo":[
      {
        "attacker": "76.190.206.23"
      },
      {
        "packetCount": "1"
      },
      {
        "attackStatus": "ongoing"
      },
      {
        "policyName": "DMZ-Policy"
      },
      {
        "context": "Regular"
      },
      {
        "attackName": "network flood IPv4 TCP-SYN-ACK"
      },
      {
        "category": "Anti-Scanning"
      },
      {
        "level": "DEBUG"
      }
    ]
  }

]
