{
  "oid": 1,
  "layouts": {
    "desktopLayout": "[{\"col\": 0, \"row\": 0, \"sizeX\": 4, \"sizeY\": 3, \"visible\": true, \"component\": \"securityHealth\", \"active\": true}, {\"col\": 4, \"row\": 0, \"sizeX\": 6, \"sizeY\": 3, \"visible\": true, \"component\": \"threats\", \"active\": true}, {\"col\": 10, \"row\": 0, \"sizeX\": 8, \"sizeY\": 3, \"visible\": true, \"component\": \"detectedElements\", \"active\": true}, {\"col\": 15, \"row\": 0, \"sizeX\": 4, \"sizeY\": 3, \"visible\": false, \"component\": \"profiling\", \"active\": false},{\"col\": 0, \"row\": 3, \"sizeX\": 10, \"sizeY\": 5, \"visible\": true, \"component\": \"topThreats\", \"active\": true}, {\"col\": 10, \"row\": 3, \"sizeX\": 8, \"sizeY\": 5, \"visible\": true, \"component\": \"topTrendingThreats\", \"active\": true}]",
    "tabletLandscapeLayout": "[{\"col\": 0, \"row\": 0, \"sizeX\": 5, \"sizeY\": 3, \"visible\": true, \"component\": \"securityHealth\", \"active\": true}, {\"col\": 5, \"row\": 0, \"sizeX\": 7, \"sizeY\": 3, \"visible\": true, \"component\": \"threats\", \"active\": true}, {\"col\": 12, \"row\": 0, \"sizeX\": 6, \"sizeY\": 3, \"visible\": true, \"component\": \"detectedElements\", \"active\": true}, {\"col\": 0, \"row\": 3, \"sizeX\": 12, \"sizeY\": 4, \"visible\": true, \"component\": \"topThreatsWrapper\", \"active\": true}, {\"col\": 12, \"row\": 3, \"sizeX\": 6, \"sizeY\": 4, \"visible\": false, \"component\": \"profiling\", \"active\": false}]",
    "tabletPortraitLayout": "[{\"col\": 0, \"row\": 0, \"sizeX\": 7, \"sizeY\": 3, \"visible\": true, \"component\": \"securityHealth\", \"active\": true}, {\"col\": 7, \"row\": 0, \"sizeX\": 11, \"sizeY\": 3, \"visible\": true, \"component\": \"threats\", \"active\": true}, {\"col\": 0, \"row\": 3, \"sizeX\": 10, \"sizeY\": 3, \"visible\": true, \"component\": \"detectedElements\", \"active\": true}, {\"col\": 10, \"row\": 3, \"sizeX\": 8, \"sizeY\": 3, \"visible\": false, \"component\": \"profiling\", \"active\": false}, {\"col\": 0, \"row\": 6, \"sizeX\": 18, \"sizeY\": 4, \"visible\": true, \"component\": \"topThreatsWrapper\", \"active\": true}]",
    "mobileLayout": "[{\"col\": 0, \"row\": 0, \"sizeX\": 18, \"sizeY\": 3, \"visible\": true, \"component\": \"securityHealth\", \"active\": true},{\"col\": 0, \"row\": 3, \"sizeX\": 18, \"sizeY\": 3, \"visible\": true, \"component\": \"threats\", \"active\": true}, {\"col\": 0, \"row\": 6, \"sizeX\": 18, \"sizeY\": 3, \"visible\": true, \"component\": \"detectedElements\", \"active\": true}, {\"col\": 0, \"row\": 9, \"sizeX\": 18, \"sizeY\": 3, \"visible\": false, \"component\": \"profiling\", \"active\": false}, {\"col\": 0, \"row\": 12, \"sizeX\": 18, \"sizeY\": 4, \"visible\": true, \"component\": \"topThreats\", \"active\": true}]"
  },
  "widgets": null,
  "selectedTimeRange": 0,
  "roles": [
    "ROLE_PLUGIN_VIEWER",
    "ROLE_CONFIGURATION_READER",
    "ROLE_PLUGIN",
    "ROLE_SECURITY",
    "ROLE_SYSTEM",
    "ROLE_TENANT",
    "ROLE_USER",
    "ROLE_CONFIGURATION",
    "ROLE_BACKUP"
  ],
  "username": "adminLocal"
}

