[
  {
    "displayName": "None",
    "value": 0,
    "icon": null
  },
  {
    "displayName": "Malware",
    "value": 1,
    "icon": null
  },
  {
    "displayName": "Exploit",
    "value": 2,
    "icon": null
  },
  {
    "displayName": "Phishing",
    "value": 3,
    "icon": null
  },
  {
    "displayName": "Malicious site",
    "value": 4,
    "icon": null
  },
  {
    "displayName": "High risk application",
    "value": 5,
    "icon": null
  },
  {
    "displayName": "Brute Force",
    "value": 6,
    "icon": null
  },
  {
    "displayName": "Port Scanning",
    "value": 7,
    "icon": null
  },
  {
    "displayName": "Scada",
    "value": 8,
    "icon": null
  }
]
