[
  {
    "critical": 10,
    "high": 330,
    "medium": 0,
    "startTimeStamp": 1514038260000
  },
  {
    "critical": 40,
    "high": 50,
    "medium":30,
    "startTimeStamp": 1514176440000
  },
  {
    "critical": 550,
    "high": 0,
    "medium": 0,
    "startTimeStamp": 1514314620000
  },
  {
    "critical": 1230,
    "high": 80,
    "medium": 30,
    "startTimeStamp": 1514452800000
  },
  {
    "critical": 20,
    "high": 10,
    "medium": 870,
    "startTimeStamp": 1514590980000
  },
  {
    "critical": 60,
    "high": 3330,
    "medium": 7860,
    "startTimeStamp": 1514729160000
  }
]
