{
  "id": 1,
  "name": "192.130.221.191",
  "risk": 1,
  "plugins": [
    5
  ],
  "assets": [
    {
      "ip": "192.130.221.191"
    }
  ],
  "tenantId": null,
  "startTimestamp": 1514709564000,
  "endTimestamp": 1514709564000,
  "threatMetadataDTO": {
    "assignInfo": {
      "assignedUser": {
        "userId": "YWRtaW5Mb2NhbA==_SU5URVJOQUw=",
        "userName": "adminLocal",
        "userImageUrl": null
      },
      "assignTimestamp": 1514986953000,
      "note": null
    },
    "stateInfo": {
      "state": "IN_PROGRESS",
      "timestamp": 1514986953000,
      "changeStateBy": {
        "userId": "YWRtaW5Mb2NhbA==_SU5URVJOQUw=",
        "userName": "adminLocal",
        "userImageUrl": null
      },
      "note": null,
      "closingReason": "FALSE_POSITIVE"
    }
  },
  "totalEventCount": 1,
  "categories": [
    {
      "category": 1,
      "count": 1
    }
  ],
  "attackers": [
    {
      "count": 1,
      "attacker": "3.4.5.67",
      "connection": "INGRESS"
    }
  ]
}
