{
  "content": [
    {
      "id": "AWCrumhrxooL7amBf0OM",
      "timestamp": "2017-12-31T08:39:24.193Z",
      "risk": 5,
      "confidence": 0,
      "category": 1,
      "asset": "192.130.221.191",
      "tenant_id": "root",
      "agg_hash": "80d5aa8870120eeb70d52cf08bd1633b74998529",
      "count": 1,
      "first_event_timestamp": "2017-12-31T08:39:24.193Z",
      "last_event_timestamp": "2017-12-31T08:39:24.193Z",
      "plugins": [
        5
      ],
      "attackers": [
        {
          "count": 1,
          "attacker": "3.4.5.67",
          "connection": "INGRESS",
          "country": "United States"
        }
      ],
      "threat_id": 1
    },
    {
      "id": "AWCrumhrxooL7amBf0OM",
      "timestamp": "2017-12-31T08:39:24.193Z",
      "risk": 9,
      "confidence": 0,
      "category": 1,
      "asset": "192.130.221.191",
      "tenant_id": "root",
      "agg_hash": "80d5aa8870120eeb70d52cf08bd1633b74998529",
      "count": 1,
      "first_event_timestamp": "2017-12-31T08:39:24.193Z",
      "last_event_timestamp": "2017-12-31T08:39:24.193Z",
      "plugins": [
        5
      ],
      "attackers": [
        {
          "count": 1,
          "attacker": "3.4.5.67",
          "connection": "INGRESS",
          "country": "United States"
        }
      ],
      "threat_id": 1
    },
    {
      "id": "AWCrumhrxooL7amBf0OM",
      "timestamp": "2017-12-31T08:39:24.193Z",
      "risk": 3,
      "confidence": 0,
      "category": 1,
      "asset": "192.130.221.191",
      "tenant_id": "root",
      "agg_hash": "80d5aa8870120eeb70d52cf08bd1633b74998529",
      "count": 1,
      "first_event_timestamp": "2017-12-31T08:39:24.193Z",
      "last_event_timestamp": "2017-12-31T08:39:24.193Z",
      "plugins": [
        5
      ],
      "attackers": [
        {
          "count": 1,
          "attacker": "3.4.5.67",
          "connection": "INGRESS",
          "country": "United States"
        }
      ],
      "threat_id": 1
    },
    {
      "id": "AWCrumhrxooL7amBf0OM",
      "timestamp": "2017-12-31T08:39:24.193Z",
      "risk": 7,
      "confidence": 0,
      "category": 1,
      "asset": "192.130.221.191",
      "tenant_id": "root",
      "agg_hash": "80d5aa8870120eeb70d52cf08bd1633b74998529",
      "count": 1,
      "first_event_timestamp": "2017-12-31T08:39:24.193Z",
      "last_event_timestamp": "2017-12-31T08:39:24.193Z",
      "plugins": [
        5
      ],
      "attackers": [
        {
          "count": 1,
          "attacker": "3.4.5.67",
          "connection": "INGRESS",
          "country": "United States"
        }
      ],
      "threat_id": 1
    },
    {
      "id": "AWCrumhrxooL7amBf0OM",
      "timestamp": "2017-12-31T08:39:24.193Z",
      "risk": 10,
      "confidence": 0,
      "category": 1,
      "asset": "192.130.221.191",
      "tenant_id": "root",
      "agg_hash": "80d5aa8870120eeb70d52cf08bd1633b74998529",
      "count": 1,
      "first_event_timestamp": "2017-12-31T08:39:24.193Z",
      "last_event_timestamp": "2017-12-31T08:39:24.193Z",
      "plugins": [
        5
      ],
      "attackers": [
        {
          "count": 1,
          "attacker": "3.4.5.67",
          "connection": "INGRESS",
          "country": "United States"
        }
      ],
      "threat_id": 1
    }
  ],
  "totalElements": 5,
  "totalPages": 1,
  "last": true,
  "sort": null,
  "first": true,
  "numberOfElements": 1,
  "size": 20,
  "number": 0
}
