{
  "content": [
    {
      "id": 1,
      "name": "192.130.221.191",
      "risk": 2,
      "plugins": [
        5
      ],
      "assets": [
        {
          "ip": "192.130.221.191"
        }
      ],
      "tenantId": null,
      "startTimestamp": 1514709564000,
      "endTimestamp": 1514709564000,
      "threatMetadataDTO": {
        "assignInfo": {
          "assignedUser": {
            "userId": "YWRtaW5Mb2NhbA==_SU5URVJOQUw=",
            "username": "adminLocal",
            "userImageUrl": null
          },
          "assignTimestamp": 1514721850000,
          "note": null
        },
        "stateInfo": {
          "state": "IN_PROGRESS",
          "closingReason": null,
          "timestamp": 1514721850000,
          "changeStateBy": {
            "userId": "YWRtaW5Mb2NhbA==_SU5URVJOQUw=",
            "username": "adminLocal",
            "userImageUrl": null
          },
          "note": null
        }
      },
      "totalEventCount": 1,
      "categories": [
        {
          "category": 1,
          "count": 1
        }
      ]
    },
    {
      "id": 2,
      "name": "215.225.34.31",
      "risk": 3,
      "plugins": [
        5
      ],
      "assets": [
        {
          "ip": "215.225.34.31"
        }
      ],
      "tenantId": null,
      "startTimestamp": 1514709563000,
      "endTimestamp": 1514709563000,
      "threatMetadataDTO": {
        "assignInfo": null,
        "stateInfo": {
          "state": "NEW",
          "closingReason": "NONE",
          "timestamp": 1514709608000,
          "changeStateBy": {
            "userId": "COMPASS",
            "username": null,
            "userImageUrl": null
          },
          "note": null
        }
      },
      "totalEventCount": 1,
      "categories": [
        {
          "category": 1,
          "count": 1
        }
      ]
    },
    {
      "id": 3,
      "name": "28.164.131.15",
      "risk": 8,
      "plugins": [
        5
      ],
      "assets": [
        {
          "ip": "28.164.131.15"
        }
      ],
      "tenantId": null,
      "startTimestamp": 1514709564000,
      "endTimestamp": 1514709564000,
      "threatMetadataDTO": {
        "assignInfo": null,
        "stateInfo": {
          "state": "NEW",
          "closingReason": "NONE",
          "timestamp": 1514709608000,
          "changeStateBy": {
            "userId": "COMPASS",
            "username": null,
            "userImageUrl": null
          },
          "note": null
        }
      },
      "totalEventCount": 1,
      "categories": [
        {
          "category": 1,
          "count": 1
        }
      ]
    },
    {
      "id": 4,
      "name": "77.240.75.195",
      "risk": 10,
      "plugins": [
        5
      ],
      "assets": [
        {
          "ip": "77.240.75.195"
        }
      ],
      "tenantId": null,
      "startTimestamp": 1514709564000,
      "endTimestamp": 1514709564000,
      "threatMetadataDTO": {
        "assignInfo": null,
        "stateInfo": {
          "state": "NEW",
          "closingReason": "NONE",
          "timestamp": 1514709608000,
          "changeStateBy": {
            "userId": "COMPASS",
            "username": null,
            "userImageUrl": null
          },
          "note": null
        }
      },
      "totalEventCount": 1,
      "categories": [
        {
          "category": 1,
          "count": 1
        }
      ]
    },
    {
      "id": 5,
      "name": "10.102.215.26",
      "risk": 4,
      "plugins": [
        5
      ],
      "assets": [
        {
          "ip": "10.102.215.26"
        }
      ],
      "tenantId": null,
      "startTimestamp": 1514709564000,
      "endTimestamp": 1514709564000,
      "threatMetadataDTO": {
        "assignInfo": {
          "assignedUser": {
            "userId": "YWRtaW5Mb2NhbA==_SU5URVJOQUw=",
            "username": "adminLocal",
            "userImageUrl": null
          },
          "assignTimestamp": 1514721982000,
          "note": null
        },
        "stateInfo": {
          "state": "IN_PROGRESS",
          "closingReason": null,
          "timestamp": 1514721982000,
          "changeStateBy": {
            "userId": "YWRtaW5Mb2NhbA==_SU5URVJOQUw=",
            "username": "adminLocal",
            "userImageUrl": null
          },
          "note": null
        }
      },
      "totalEventCount": 1,
      "categories": [
        {
          "category": 1,
          "count": 1
        }
      ]
    },
    {
      "id": 6,
      "name": "124.245.190.143",
      "risk": 2,
      "plugins": [
        5
      ],
      "assets": [
        {
          "ip": "124.245.190.143"
        }
      ],
      "tenantId": null,
      "startTimestamp": 1514709563000,
      "endTimestamp": 1514709563000,
      "threatMetadataDTO": {
        "assignInfo": null,
        "stateInfo": {
          "state": "NEW",
          "closingReason": "NONE",
          "timestamp": 1514709608000,
          "changeStateBy": {
            "userId": "COMPASS",
            "username": null,
            "userImageUrl": null
          },
          "note": null
        }
      },
      "totalEventCount": 1,
      "categories": [
        {
          "category": 1,
          "count": 1
        }
      ]
    },
    {
      "id": 7,
      "name": "31.33.179.3",
      "risk": 5,
      "plugins": [
        5
      ],
      "assets": [
        {
          "ip": "31.33.179.3"
        }
      ],
      "tenantId": null,
      "startTimestamp": 1514709563000,
      "endTimestamp": 1514709563000,
      "threatMetadataDTO": {
        "assignInfo": null,
        "stateInfo": {
          "state": "NEW",
          "closingReason": "NONE",
          "timestamp": 1514709608000,
          "changeStateBy": {
            "userId": "COMPASS",
            "username": null,
            "userImageUrl": null
          },
          "note": null
        }
      },
      "totalEventCount": 1,
      "categories": [
        {
          "category": 1,
          "count": 1
        }
      ]
    },
    {
      "id": 8,
      "name": "218.130.218.85",
      "risk": 9,
      "plugins": [
        5
      ],
      "assets": [
        {
          "ip": "218.130.218.85"
        }
      ],
      "tenantId": null,
      "startTimestamp": 1514709563000,
      "endTimestamp": 1514709563000,
      "threatMetadataDTO": {
        "assignInfo": null,
        "stateInfo": {
          "state": "NEW",
          "closingReason": "NONE",
          "timestamp": 1514709608000,
          "changeStateBy": {
            "userId": "COMPASS",
            "username": null,
            "userImageUrl": null
          },
          "note": null
        }
      },
      "totalEventCount": 1,
      "categories": [
        {
          "category": 1,
          "count": 1
        }
      ]
    },
    {
      "id": 9,
      "name": "72.90.185.113",
      "risk": 7,
      "plugins": [
        5
      ],
      "assets": [
        {
          "ip": "72.90.185.113"
        }
      ],
      "tenantId": null,
      "startTimestamp": 1514709564000,
      "endTimestamp": 1514709564000,
      "threatMetadataDTO": {
        "assignInfo": null,
        "stateInfo": {
          "state": "NEW",
          "closingReason": "NONE",
          "timestamp": 1514709608000,
          "changeStateBy": {
            "userId": "COMPASS",
            "username": null,
            "userImageUrl": null
          },
          "note": null
        }
      },
      "totalEventCount": 1,
      "categories": [
        {
          "category": 1,
          "count": 1
        }
      ]
    },
    {
      "id": 10,
      "name": "149.110.185.136",
      "risk": 1,
      "plugins": [
        5
      ],
      "assets": [
        {
          "ip": "149.110.185.136"
        }
      ],
      "tenantId": null,
      "startTimestamp": 1514709564000,
      "endTimestamp": 1514709564000,
      "threatMetadataDTO": {
        "assignInfo": null,
        "stateInfo": {
          "state": "NEW",
          "closingReason": "NONE",
          "timestamp": 1514709608000,
          "changeStateBy": {
            "userId": "COMPASS",
            "username": null,
            "userImageUrl": null
          },
          "note": null
        }
      },
      "totalEventCount": 1,
      "categories": [
        {
          "category": 1,
          "count": 1
        }
      ]
    },
    {
      "id": 11,
      "name": "207.79.160.62",
      "risk": 5,
      "plugins": [
        5
      ],
      "assets": [
        {
          "ip": "207.79.160.62"
        }
      ],
      "tenantId": null,
      "startTimestamp": 1514709563000,
      "endTimestamp": 1514709563000,
      "threatMetadataDTO": {
        "assignInfo": null,
        "stateInfo": {
          "state": "NEW",
          "closingReason": "NONE",
          "timestamp": 1514709608000,
          "changeStateBy": {
            "userId": "COMPASS",
            "username": null,
            "userImageUrl": null
          },
          "note": null
        }
      },
      "totalEventCount": 1,
      "categories": [
        {
          "category": 1,
          "count": 1
        }
      ]
    },
    {
      "id": 12,
      "name": "146.244.174.97",
      "risk": 3,
      "plugins": [
        5
      ],
      "assets": [
        {
          "ip": "146.244.174.97"
        }
      ],
      "tenantId": null,
      "startTimestamp": 1514709563000,
      "endTimestamp": 1514709563000,
      "threatMetadataDTO": {
        "assignInfo": null,
        "stateInfo": {
          "state": "NEW",
          "closingReason": "NONE",
          "timestamp": 1514709608000,
          "changeStateBy": {
            "userId": "COMPASS",
            "username": null,
            "userImageUrl": null
          },
          "note": null
        }
      },
      "totalEventCount": 1,
      "categories": [
        {
          "category": 1,
          "count": 1
        }
      ]
    },
    {
      "id": 13,
      "name": "3.4.5.67",
      "risk": 4,
      "plugins": [
        5
      ],
      "assets": [
        {
          "ip": "3.4.5.67"
        }
      ],
      "tenantId": null,
      "startTimestamp": 1514711990000,
      "endTimestamp": 1514711992000,
      "threatMetadataDTO": {
        "assignInfo": null,
        "stateInfo": {
          "state": "NEW",
          "closingReason": "NONE",
          "timestamp": 1514712061000,
          "changeStateBy": {
            "userId": "COMPASS",
            "username": null,
            "userImageUrl": null
          },
          "note": null
        }
      },
      "totalEventCount": 17,
      "categories": [
        {
          "category": 1,
          "count": 17
        }
      ]
    }
  ],
  "last": true,
  "totalElements": 13,
  "totalPages": 1,
  "first": true,
  "sort": null,
  "numberOfElements": 13,
  "size": 20,
  "number": 0
}
